release,feature,Mean CSB,Normalized Mean CSB
JunoSR0,BIRT,9.969648990045986,0.7291038674954207
JunoSR0,CDT,7.3916466554364835,9.292152846000516
JunoSR0,CVS,4.9354289071680375,0.0
JunoSR0,DataTools,0.0,0.0
JunoSR0,EclipseLink,2.243909878237697,27.994998556304612
JunoSR0,EGit,7.565069107880094,0.17305147544910152
JunoSR0,EMF,11.342296623388036,11.576438669485613
JunoSR0,GEF,1.5255767301905716,0.0
JunoSR0,GMF Runtime,4.039923279107764,99.45544638262909
JunoSR0,JDT,21.94558179911021,77.45703884559585
JunoSR0,m2e,0.939622641509434,0.0
JunoSR0,Mylyn,6.274336283185841,100.0
JunoSR0,PDE,0.0,0.0
JunoSR0,PTP,6.635385147402092,100.0
JunoSR0,RAP,2.2638213623377275,0.0
JunoSR0,Scout,2.1948634673731893,54.20475560884369
JunoSR0,Subversive,3.6510670160988394,16.97110987367907
JunoSR0,WebTools,0.24570673712021135,0.0
JunoSR0,Window Builder,0.34227150358504144,0.20008258293696765
JunoSR1,BIRT,9.976925931079263,0.7663401209859677
JunoSR1,CDT,6.758479146978245,0.0
JunoSR1,CVS,4.941397754658203,0.07341097001393093
JunoSR1,DataTools,7.384615384615385,100.0
JunoSR1,EclipseLink,2.583652337161379,32.24040159431437
JunoSR1,EGit,7.55891132572432,0.0
JunoSR1,EMF,10.84703113685735,0.0
JunoSR1,GEF,1.5453644025780862,0.1297937730799471
JunoSR1,GMF Runtime,4.011280595956013,98.75031644781438
JunoSR1,JDT,21.933399584424972,77.2844831619915
JunoSR1,m2e,2.3123862841147655,17.811519547496296
JunoSR1,Mylyn,2.280327868852459,32.656620992981765
JunoSR1,PDE,6.765765139400681,56.86403489143053
JunoSR1,PTP,6.532001526911821,96.3871886922703
JunoSR1,RAP,2.3165288432798645,6.368996632815765
JunoSR1,Scout,2.205800989186017,54.51641371543634
JunoSR1,Subversive,3.6594948550046773,17.0103907782432
JunoSR1,WebTools,1.07919294751208,42.89335639923078
JunoSR1,Window Builder,0.3432744329841955,0.2036680447991227
JunoSR2,BIRT,10.032532151185611,1.0508782666247076
JunoSR2,CDT,6.806489525743729,0.7045841293555181
JunoSR2,CVS,4.951860342091342,0.2020905339645622
JunoSR2,DataTools,6.957236842105263,94.2125822368421
JunoSR2,EclipseLink,2.7268310857209648,34.02955534341891
JunoSR2,EGit,7.789553752535497,6.481718783021716
JunoSR2,EMF,12.010477597242737,27.19463996618926
JunoSR2,GEF,12.236670536750916,70.25754478550579
JunoSR2,GMF Runtime,4.013126152972896,98.79575065145086
JunoSR2,JDT,21.170640963521837,66.48034461610563
JunoSR2,m2e,7.452761725574519,84.50755870196065
JunoSR2,Mylyn,2.051779197080292,28.803038769802463
JunoSR2,PDE,6.972724897105899,58.603463712974566
JunoSR2,PTP,6.631352718078382,99.85908400006468
JunoSR2,RAP,2.899797720657161,76.84926716823422
JunoSR2,Scout,2.339483394833948,58.32561347219677
JunoSR2,Subversive,3.6810780460415495,17.11098682389394
JunoSR2,WebTools,1.1391387349021624,45.978321682515336
JunoSR2,Window Builder,0.2863041798758558,0.0
KeplerPostRC4,BIRT,9.827162962222445,0.0
KeplerPostRC4,CDT,7.0725152082576415,4.60868734036848
KeplerPostRC4,CVS,4.963687478036781,0.34755270629714197
KeplerPostRC4,DataTools,6.957236842105263,94.2125822368421
KeplerPostRC4,EclipseLink,2.7377241613395937,34.165674615855764
KeplerPostRC4,EGit,8.009311606252078,12.657549604111033
KeplerPostRC4,EMF,12.406168362771474,36.44359836083287
KeplerPostRC4,GEF,12.236670536750916,70.25754478550579
KeplerPostRC4,GMF Runtime,4.015893287923939,98.8638724009851
KeplerPostRC4,JDT,21.30596717447443,68.39718054814716
KeplerPostRC4,m2e,7.4963240208528275,85.07277666796885
KeplerPostRC4,Mylyn,2.1343717001055964,30.195639299738936
KeplerPostRC4,PDE,7.284047704156241,61.22002970334781
KeplerPostRC4,PTP,3.7738014198191188,0.0
KeplerPostRC4,RAP,3.0741800892683875,97.9210523997579
KeplerPostRC4,Scout,2.6608789597561446,67.4835868179918
KeplerPostRC4,Subversive,3.8761586948461253,18.020228734378588
KeplerPostRC4,WebTools,1.2905490097768864,53.77028608664579
KeplerPostRC4,Window Builder,0.28697389451252,0.0023942226544676516
KeplerSR0,BIRT,9.83891709718188,0.060146144775688894
KeplerSR0,CDT,7.072220930773165,4.604368623238552
KeplerSR0,CVS,4.965042745052114,0.3642211613694803
KeplerSR0,DataTools,7.212093023255814,97.66375968992247
KeplerSR0,EclipseLink,2.7882297345906717,34.796789475022415
KeplerSR0,EGit,8.098175787728026,15.154889933789658
KeplerSR0,EMF,12.409083820662769,36.511744881012305
KeplerSR0,GEF,12.236670536750916,70.25754478550579
KeplerSR0,GMF Runtime,4.015893287923939,98.8638724009851
KeplerSR0,JDT,21.314462902974345,68.51751878523275
KeplerSR0,m2e,7.569413017436443,86.0211016752405
KeplerSR0,Mylyn,2.140279196458972,30.295246192022944
KeplerSR0,PDE,7.383482084263027,62.05574302524135
KeplerSR0,PTP,3.7988987428125913,0.8770431125798626
KeplerSR0,RAP,3.0913846973623658,100.0
KeplerSR0,Scout,2.6636521069847987,67.56260598059328
KeplerSR0,Subversive,3.8954587581093607,18.110183460803135
KeplerSR0,WebTools,1.4276736335559865,60.82707393212441
KeplerSR0,Window Builder,0.2872326256626089,0.0033191837454254916
KeplerSR1,BIRT,9.861882664898907,0.17766141625513945
KeplerSR1,CDT,7.106480451072038,5.107149790615497
KeplerSR1,CVS,4.970195573252138,0.42759589444854845
KeplerSR1,DataTools,7.279944289693593,98.58257892293408
KeplerSR1,EclipseLink,2.7936461672981636,34.86447291954804
KeplerSR1,EGit,8.299755501222494,20.819862477210318
KeplerSR1,EMF,12.526907051906079,39.265769636267066
KeplerSR1,GEF,12.236670536750916,70.25754478550579
KeplerSR1,GMF Runtime,4.015893287923939,98.8638724009851
KeplerSR1,JDT,21.313487115544472,68.5036971878168
KeplerSR1,m2e,7.576151905457443,86.1085383118101
KeplerSR1,Mylyn,2.4516403590219746,35.545138181057666
KeplerSR1,PDE,8.96059370412657,75.31084844670224
KeplerSR1,PTP,3.8625571449638696,3.10162950289482
KeplerSR1,RAP,2.9968282736746716,88.57411636235926
KeplerSR1,Scout,2.6742870250019113,67.86564157400295
KeplerSR1,Subversive,3.8975166790214972,18.11977512431893
KeplerSR1,WebTools,1.4670910326926643,62.85559525427723
KeplerSR1,Window Builder,0.28815726386447177,0.006624755415642005
LunaSR0,BIRT,9.918205891724995,0.46586849968635924
LunaSR0,CDT,7.111982642009605,5.187898089441263
LunaSR0,CVS,4.970195573252138,0.42759589444854845
LunaSR0,DataTools,7.279944289693593,98.58257892293408
LunaSR0,EclipseLink,2.87760758771055,35.91365020054968
LunaSR0,EGit,8.405504857226965,23.791725011711783
LunaSR0,EMF,13.730940058705391,67.40908799444018
LunaSR0,GEF,12.238992587300169,70.27277586959529
LunaSR0,GMF Runtime,4.011492622020431,98.75553613775021
LunaSR0,JDT,20.94604171048587,63.29899552269269
LunaSR0,m2e,7.602690118986032,86.45286991730265
LunaSR0,Mylyn,2.7093618302227576,39.890605919942594
LunaSR0,PDE,9.146085430784124,76.86984551494236
LunaSR0,PTP,4.376299076212471,21.054692567120874
LunaSR0,RAP,3.0224742948778416,91.6730962371028
LunaSR0,Scout,3.0230016863406406,77.80205614338604
LunaSR0,Subversive,4.0056974820805,18.623989769153678
LunaSR0,WebTools,1.4722531207514522,63.121249658764256
LunaSR0,Window Builder,0.2884502690320175,0.007672245751986303
z20140806,BIRT,9.918205891724995,0.46586849968635924
z20140806,CDT,7.111982642009605,5.187898089441263
z20140806,CVS,4.970195573252138,0.42759589444854845
z20140806,DataTools,7.279944289693593,98.58257892293408
z20140806,EclipseLink,2.87760758771055,35.91365020054968
z20140806,EGit,8.405504857226965,23.791725011711783
z20140806,EMF,13.730940058705391,67.40908799444018
z20140806,GEF,12.238992587300169,70.27277586959529
z20140806,GMF Runtime,4.011492622020431,98.75553613775021
z20140806,JDT,20.94604171048587,63.29899552269269
z20140806,m2e,7.602690118986032,86.45286991730265
z20140806,Mylyn,2.7093618302227576,39.890605919942594
z20140806,PDE,9.146085430784124,76.86984551494236
z20140806,PTP,4.376299076212471,21.054692567120874
z20140806,RAP,3.0224742948778416,91.6730962371028
z20140806,Scout,3.0230016863406406,77.80205614338604
z20140806,Subversive,4.0056974820805,18.623989769153678
z20140806,WebTools,1.4722531207514522,63.121249658764256
z20140806,Window Builder,0.2884502690320175,0.007672245751986303
z20140805-2300,BIRT,9.918205891724995,0.46586849968635924
z20140805-2300,CDT,7.111982642009605,5.187898089441263
z20140805-2300,CVS,4.970195573252138,0.42759589444854845
z20140805-2300,DataTools,7.279944289693593,98.58257892293408
z20140805-2300,EclipseLink,2.87760758771055,35.91365020054968
z20140805-2300,EGit,8.405504857226965,23.791725011711783
z20140805-2300,EMF,13.730940058705391,67.40908799444018
z20140805-2300,GEF,12.238992587300169,70.27277586959529
z20140805-2300,GMF Runtime,4.011492622020431,98.75553613775021
z20140805-2300,JDT,20.94604171048587,63.29899552269269
z20140805-2300,m2e,7.602690118986032,86.45286991730265
z20140805-2300,Mylyn,2.7093618302227576,39.890605919942594
z20140805-2300,PDE,9.146085430784124,76.86984551494236
z20140805-2300,PTP,4.376299076212471,21.054692567120874
z20140805-2300,RAP,3.0224742948778416,91.6730962371028
z20140805-2300,Scout,3.0230016863406406,77.80205614338604
z20140805-2300,Subversive,4.0056974820805,18.623989769153678
z20140805-2300,WebTools,1.4722531207514522,63.121249658764256
z20140805-2300,Window Builder,0.2884502690320175,0.007672245751986303
LunaRC4,BIRT,9.92905123589586,0.5213643437356433
LunaRC4,CDT,7.133895505046837,5.5094838782181474
LunaRC4,CVS,4.973267037145364,0.4653718879106067
LunaRC4,DataTools,7.279944289693593,98.58257892293408
LunaRC4,EclipseLink,2.853030760365502,35.606539520872325
LunaRC4,EGit,8.589616450342715,28.965792887122195
LunaRC4,EMF,13.767709858937794,68.26855296596767
LunaRC4,GEF,12.251962883654533,70.35785225800672
LunaRC4,GMF Runtime,4.014471164077463,98.82886233960743
LunaRC4,JDT,20.893009226401702,62.54781383850615
LunaRC4,m2e,7.615285308546347,86.61629168787941
LunaRC4,Mylyn,2.6493915232899705,38.87944052168042
LunaRC4,PDE,9.146085430784124,76.86984551494236
LunaRC4,PTP,4.38877128836717,21.490542548880224
LunaRC4,RAP,3.021420996818664,91.54581920408317
LunaRC4,Scout,3.007002846951798,77.34617883617383
LunaRC4,Subversive,4.007167800036758,18.630842702623813
LunaRC4,WebTools,1.4831800506141597,63.68357773463027
LunaRC4,Window Builder,0.34864951254594856,0.22288389667361103
LunaSR2,BIRT,10.083348859638548,1.3109083848922194
LunaSR2,CDT,7.227408466508606,6.881848567462495
LunaSR2,CVS,4.980217199882595,0.5508520730109033
LunaSR2,DataTools,7.279944289693593,98.58257892293408
LunaSR2,EclipseLink,2.8116127554354784,35.088982414482736
LunaSR2,EGit,8.687908032926483,31.728070434469185
LunaSR2,EMF,14.037239889688157,74.56860406063008
LunaSR2,GEF,12.25327861539834,70.3664825700538
LunaSR2,GMF Runtime,3.987560615644107,98.16637436101594
LunaSR2,JDT,20.55429492396317,57.750075536071776
LunaSR2,m2e,7.637026612077789,86.89838369616089
LunaSR2,Mylyn,2.6429906542056076,38.771514821980944
LunaSR2,PDE,9.146085430784124,76.86984551494236
LunaSR2,PTP,4.866066105848844,38.16993630140269
LunaSR2,RAP,2.920441163148836,79.3437520756716
LunaSR2,Scout,0.3760186263096624,2.3778656558696727
LunaSR2,Subversive,4.0326485693323555,18.749604781266257
LunaSR2,WebTools,1.4835784993986492,63.704082939763666
LunaSR2,Window Builder,0.3493661446681581,0.22544584883648974
S201504150911,BIRT,10.07363688079818,1.2612119940129993
S201504150911,CDT,7.076901981599434,4.673066146684607
S201504150911,CVS,4.980217199882595,0.5508520730109033
S201504150911,DataTools,7.279944289693593,98.58257892293408
S201504150911,EclipseLink,7.476402013838408,93.3799318355198
S201504150911,EGit,9.442497880757276,52.9342260311867
S201504150911,EMF,14.082557310042995,75.62786288577452
S201504150911,GEF,12.25327861539834,70.3664825700538
S201504150911,GMF Runtime,3.9878417316747488,98.17329491825953
S201504150911,JDT,20.544894450281785,57.61692198360142
S201504150911,m2e,7.633039253292418,86.84664797360509
S201504150911,Mylyn,2.70562201784109,39.827548565899484
S201504150911,PDE,9.07279049892435,76.25382567435291
S201504150911,PTP,4.854071876030333,37.75078973920714
S201504150911,RAP,2.9051861493233995,77.50038696030163
S201504150911,Scout,0.2925683423963304,0.0
S201504150911,Subversive,4.0326485693323555,18.749604781266257
S201504150911,WebTools,1.485290489700259,63.79218638915901
S201504150911,Window Builder,0.3493661446681581,0.22544584883648974
Mars.1,BIRT,10.203289078293176,1.9246448938335412
Mars.1,CDT,7.0775233085466125,4.682184531445978
Mars.1,CVS,4.980217199882595,0.5508520730109033
Mars.1,DataTools,7.279944289693593,98.58257892293408
Mars.1,EclipseLink,7.497469075793638,93.6431846803659
Mars.1,EGit,9.302203000405461,48.99153442101466
Mars.1,EMF,14.087624592723978,75.7463066069154
Mars.1,GEF,12.074733417675764,69.19534660095718
Mars.1,GMF Runtime,3.9879822896900694,98.17675519688133
Mars.1,JDT,20.519085543850743,57.25135023762938
Mars.1,m2e,7.6659455332145585,87.27360482901555
Mars.1,Mylyn,2.523352771268189,36.75428840219219
Mars.1,PDE,9.71356236568636,81.63930285812488
Mars.1,PTP,4.858951533135509,37.9213126932672
Mars.1,RAP,3.0389305291419624,93.66161283367614
Mars.1,Scout,0.4403137541043415,4.209916657415687
Mars.1,Subversive,4.042920029347028,18.79747852981301
Mars.1,WebTools,1.486592282086056,63.8591799927311
Mars.1,Window Builder,0.35016915740962734,0.2283166107882194
Neon,BIRT,10.304471163288017,2.4423956559107247
Neon,CDT,7.276850820790977,7.60744788663256
Neon,CVS,5.423732786404923,6.005658796846237
Neon,DataTools,7.279944289693593,98.58257892293408
Neon,EclipseLink,7.423182203083871,92.71490001413545
Neon,EGit,10.082780212899186,70.92801007196425
Neon,EMF,14.11737387751956,76.44167258791593
Neon,GEF,12.06846716647096,69.1542442231226
Neon,GMF Runtime,3.9768782064797246,97.90339318575953
Neon,JDT,20.386367169283382,55.371453154705904
Neon,m2e,7.726722943177523,88.06218779552465
Neon,Mylyn,4.836049135121584,75.74889522380217
Neon,PDE,9.71356236568636,81.63930285812488
Neon,PTP,4.870023727919852,38.308238110742046
Neon,RAP,3.076171614224042,98.1617016493522
Neon,Scout,2.373912702766241,59.306655897080375
Neon,Subversive,4.066568861177333,18.907702220198914
Neon,WebTools,1.4868879233305599,63.874394455920424
Neon,Window Builder,0.3482792313538161,0.2215601453768757
OxygenPreRienaRemoval_9-8-2016,BIRT,10.309010207642645,2.4656220370811712
OxygenPreRienaRemoval_9-8-2016,CDT,7.286337561606205,7.746672095847177
OxygenPreRienaRemoval_9-8-2016,CVS,5.591007552251039,8.062974357320773
OxygenPreRienaRemoval_9-8-2016,DataTools,7.279944289693593,98.58257892293408
OxygenPreRienaRemoval_9-8-2016,EclipseLink,7.402020718259195,92.4504672663179
OxygenPreRienaRemoval_9-8-2016,EGit,10.237583395107487,75.27842689537263
OxygenPreRienaRemoval_9-8-2016,EMF,14.261767596000077,79.81676144774728
OxygenPreRienaRemoval_9-8-2016,GEF,12.06846716647096,69.1542442231226
OxygenPreRienaRemoval_9-8-2016,GMF Runtime,3.9768782064797246,97.90339318575953
OxygenPreRienaRemoval_9-8-2016,JDT,20.39286711984356,55.46352207987969
OxygenPreRienaRemoval_9-8-2016,m2e,7.596760232471868,86.37593002300225
OxygenPreRienaRemoval_9-8-2016,Mylyn,4.849790630256612,75.9805919602638
OxygenPreRienaRemoval_9-8-2016,PDE,9.91302827164092,83.31574831583042
OxygenPreRienaRemoval_9-8-2016,PTP,4.874489392541837,38.46429381440502
OxygenPreRienaRemoval_9-8-2016,RAP,3.0816517231405878,98.82389977783535
OxygenPreRienaRemoval_9-8-2016,Scout,2.5636377631528307,64.71275739841987
OxygenPreRienaRemoval_9-8-2016,Subversive,0.009863188036907413,0.0
OxygenPreRienaRemoval_9-8-2016,WebTools,1.48694955471326,63.877566166298564
OxygenPreRienaRemoval_9-8-2016,Window Builder,0.3482792313538161,0.2215601453768757
Neon.1,BIRT,10.309010207642645,2.4656220370811712
Neon.1,CDT,7.281576715325209,7.676803521215094
Neon.1,CVS,5.591007552251039,8.062974357320773
Neon.1,DataTools,7.279944289693593,98.58257892293408
Neon.1,EclipseLink,7.401733649574777,92.44688007186241
Neon.1,EGit,10.24293645897594,75.42886346119697
Neon.1,EMF,14.261767596000077,79.81676144774728
Neon.1,GEF,12.06846716647096,69.1542442231226
Neon.1,GMF Runtime,3.9768782064797246,97.90339318575953
Neon.1,JDT,20.393082151391948,55.46656790666792
Neon.1,m2e,7.595426452410384,86.35862431290047
Neon.1,Mylyn,4.838063853158995,75.78286558798536
Neon.1,PDE,9.920054792923553,83.37480392050315
Neon.1,PTP,4.874489392541837,38.46429381440502
Neon.1,RAP,3.0811941095341906,98.76860327217472
Neon.1,Scout,2.593045148895293,65.55070317052216
Neon.1,Subversive,0.010373096871340137,0.0023766092927907916
Neon.1,WebTools,1.48694955471326,63.877566166298564
Neon.1,Window Builder,0.3482792313538161,0.2215601453768757
Neon.1a,BIRT,10.309527704168984,2.4682700772050503
Neon.1a,CDT,7.259750161800821,7.356484381744591
Neon.1a,CVS,5.658683686614357,8.895324434716818
Neon.1a,DataTools,7.279944289693593,98.58257892293408
Neon.1a,EclipseLink,7.402885333542986,92.46127145124122
Neon.1a,EGit,10.266617247343712,76.09436205519941
Neon.1a,EMF,14.261767596000077,79.81676144774728
Neon.1a,GEF,12.06846716647096,69.1542442231226
Neon.1a,GMF Runtime,3.9768782064797246,97.90339318575953
Neon.1a,JDT,20.34028216791304,54.71867949073474
Neon.1a,m2e,7.595673671199011,86.36183196070631
Neon.1a,Mylyn,4.838063853158995,75.78286558798536
Neon.1a,PDE,9.939992404101785,83.54237299721976
Neon.1a,PTP,4.874489392541837,38.46429381440502
Neon.1a,RAP,3.0811941095341906,98.76860327217472
Neon.1a,Scout,2.6273579491103884,66.52842577806811
Neon.1a,Subversive,0.010373096871340137,0.0023766092927907916
Neon.1a,WebTools,1.48694955471326,63.877566166298564
Neon.1a,Window Builder,0.3482792313538161,0.2215601453768757
Neon.2,BIRT,10.305098971049878,2.4456081608433706
Neon.2,CDT,7.277393172594891,7.615407258822309
Neon.2,CVS,5.749019378256542,10.00636484264462
Neon.2,DataTools,7.279944289693593,98.58257892293408
Neon.2,EclipseLink,7.456177771907813,93.12721082324008
Neon.2,EGit,10.295376712328768,76.90258614024992
Neon.2,EMF,14.261767596000077,79.81676144774728
Neon.2,GEF,12.06846716647096,69.1542442231226
Neon.2,GMF Runtime,3.9768782064797246,97.90339318575953
Neon.2,JDT,19.940028250285508,49.04925975417223
Neon.2,m2e,7.605214382799951,86.48562207715685
Neon.2,Mylyn,4.744569682231934,74.2064509352038
Neon.2,PDE,9.976795580110497,83.85169160960959
Neon.2,PTP,4.874489392541837,38.46429381440502
Neon.2,RAP,3.0833870860116996,99.0335952534161
Neon.2,Scout,2.7154468471193103,69.03846595308252
Neon.2,Subversive,0.01740003346160281,0.03512811637120618
Neon.2,WebTools,1.48694955471326,63.877566166298564
Neon.2,Window Builder,0.33395748430443883,0.1703600530390855
Neon.3,BIRT,10.306052614371962,2.4504879728850404
Neon.3,CDT,7.272181260142524,7.538918989161575
Neon.3,CVS,5.8589653558052435,11.358592533882957
Neon.3,DataTools,7.279944289693593,98.58257892293408
Neon.3,EclipseLink,7.483881392373339,93.47339373738282
Neon.3,EGit,10.544499456587369,83.90365525430694
Neon.3,EMF,14.376915081992456,82.50824277602199
Neon.3,GEF,12.06846716647096,69.1542442231226
Neon.3,GMF Runtime,3.976948485487385,97.90512332507042
Neon.3,JDT,19.89605783045977,48.42643820263666
Neon.3,m2e,7.609168417150624,86.53692541732603
Neon.3,Mylyn,4.006218202374223,61.75703210824079
Neon.3,PDE,9.976795580110497,83.85169160960959
Neon.3,PTP,4.874489392541837,38.46429381440502
Neon.3,RAP,3.0833870860116996,99.0335952534161
Neon.3,Scout,2.7456915598762706,69.90027085492217
Neon.3,Subversive,0.02091350175673415,0.051503869910413884
Neon.3,WebTools,1.487843209762411,63.92355596678151
Neon.3,Window Builder,0.33647227270224134,0.17935039463173988
Neon.3_respin,BIRT,10.306343515360222,2.451976519087346
Neon.3_respin,CDT,7.273003077954263,7.550979710244429
Neon.3_respin,CVS,5.8589653558052435,11.358592533882957
Neon.3_respin,DataTools,7.279944289693593,98.58257892293408
Neon.3_respin,EclipseLink,7.557152738891268,94.38898844430213
Neon.3_respin,EGit,10.48951048951049,82.35830635346068
Neon.3_respin,EMF,14.377530987758872,82.52263908572863
Neon.3_respin,GEF,12.06846716647096,69.1542442231226
Neon.3_respin,GMF Runtime,3.976948485487385,97.90512332507042
Neon.3_respin,JDT,19.874565907809206,48.12201462279008
Neon.3_respin,m2e,7.609168417150624,86.53692541732603
Neon.3_respin,Mylyn,4.006776895805227,61.766452294572346
Neon.3_respin,PDE,10.451594016218273,87.84221659546813
Neon.3_respin,PTP,4.874489392541837,38.46429381440502
Neon.3_respin,RAP,3.0833870860116996,99.0335952534161
Neon.3_respin,Scout,2.7568282909973165,70.21760531095461
Neon.3_respin,Subversive,0.02091350175673415,0.051503869910413884
Neon.3_respin,WebTools,1.487843209762411,63.92355596678151
Neon.3_respin,Window Builder,0.33647227270224134,0.17935039463173988
Oxygen,BIRT,10.323021433786272,2.537317762800485
Oxygen,CDT,7.277696484609146,7.619858563664765
Oxygen,CVS,5.883726373690679,11.663128768808894
Oxygen,DataTools,7.279944289693593,98.58257892293408
Oxygen,EclipseLink,7.570730840370982,94.55865965188391
Oxygen,EGit,10.469193756601339,81.78734744044728
Oxygen,EMF,14.376087123835912,82.48888990956794
Oxygen,GEF,12.06846716647096,69.1542442231226
Oxygen,GMF Runtime,3.9772296015180264,97.91204388231401
Oxygen,JDT,19.856876993973767,47.871458980982936
Oxygen,m2e,7.612504633634004,86.5802126105938
Oxygen,Mylyn,4.0697688714039835,62.82856635320183
Oxygen,PDE,10.430850136556453,87.66787109683355
Oxygen,PTP,4.874489392541837,38.46429381440502
Oxygen,RAP,2.9526113622376435,83.23109189937823
Oxygen,Scout,2.7655571635311142,70.46632928454993
Oxygen,Subversive,0.02091350175673415,0.051503869910413884
Oxygen,WebTools,1.501535532215466,64.62819829869957
Oxygen,Window Builder,0.33647227270224134,0.17935039463173988
Oxygen.1,BIRT,10.332116589485153,2.583857857270239
Oxygen.1,CDT,7.284836875818257,7.724648537264104
Oxygen.1,CVS,5.883726373690679,11.663128768808894
Oxygen.1,DataTools,7.279944289693593,98.58257892293408
Oxygen.1,EclipseLink,7.58574324413263,94.74625382171314
Oxygen.1,EGit,10.425659334331453,80.56390435395161
Oxygen.1,EMF,14.768227566072525,91.65486230788052
Oxygen.1,GEF,12.06846716647096,69.1542442231226
Oxygen.1,GMF Runtime,3.9772296015180264,97.91204388231401
Oxygen.1,JDT,19.7631444016349,46.54377826241552
Oxygen.1,m2e,7.620583148010872,86.68503081255697
Oxygen.1,Mylyn,4.071417652633832,62.856366619937084
Oxygen.1,PDE,10.429720624963698,87.65837792269916
Oxygen.1,PTP,4.87317169587561,38.418246003414005
Oxygen.1,RAP,2.981997073729299,86.78196350617561
Oxygen.1,Scout,3.010894516305338,77.45706961408173
Oxygen.1,Subversive,0.021248117784841893,0.05306346548557651
Oxygen.1,WebTools,1.5014116491744922,64.62182295695779
Oxygen.1,Window Builder,0.33647227270224134,0.17935039463173988
Oxygen.1a,BIRT,10.333271588123127,2.5897680085093593
Oxygen.1a,CDT,7.279862702237673,7.651649243118586
Oxygen.1a,CVS,6.341685919080623,17.295582020396886
Oxygen.1a,DataTools,7.279944289693593,98.58257892293408
Oxygen.1a,EclipseLink,7.592348137375545,94.82878820357415
Oxygen.1a,EGit,10.436118784530386,80.85784513384986
Oxygen.1a,EMF,14.654372363470529,88.99358708081661
Oxygen.1a,GEF,12.06846716647096,69.1542442231226
Oxygen.1a,GMF Runtime,3.9772296015180264,97.91204388231401
Oxygen.1a,JDT,19.745440496843703,46.29301028034959
Oxygen.1a,m2e,7.62074913750616,86.68718451553121
Oxygen.1a,Mylyn,4.071417652633832,62.856366619937084
Oxygen.1a,PDE,10.445433975400325,87.79044347464777
Oxygen.1a,PTP,4.87317169587561,38.418246003414005
Oxygen.1a,RAP,2.981997073729299,86.78196350617561
Oxygen.1a,Scout,3.0093006488824803,77.41165332036655
Oxygen.1a,Subversive,0.021248117784841893,0.05306346548557651
Oxygen.1a,WebTools,1.5015957773276867,64.63129866801292
Oxygen.1a,Window Builder,0.33647227270224134,0.17935039463173988
Oxygen.1a_respin,BIRT,10.333271588123127,2.5897680085093593
Oxygen.1a_respin,CDT,7.276554370105639,7.603097276339612
Oxygen.1a_respin,CVS,6.341685919080623,17.295582020396886
Oxygen.1a_respin,DataTools,7.279944289693593,98.58257892293408
Oxygen.1a_respin,EclipseLink,7.592348137375545,94.82878820357415
Oxygen.1a_respin,EGit,10.436118784530386,80.85784513384986
Oxygen.1a_respin,EMF,14.654372363470529,88.99358708081661
Oxygen.1a_respin,GEF,12.06846716647096,69.1542442231226
Oxygen.1a_respin,GMF Runtime,3.9772296015180264,97.91204388231401
Oxygen.1a_respin,JDT,19.744136211898134,46.27453566089718
Oxygen.1a_respin,m2e,7.623875816188247,86.72775296936864
Oxygen.1a_respin,Mylyn,4.063103101884265,62.71617414052425
Oxygen.1a_respin,PDE,10.444766683100838,87.78483510193324
Oxygen.1a_respin,PTP,4.87317169587561,38.418246003414005
Oxygen.1a_respin,RAP,2.981997073729299,86.78196350617561
Oxygen.1a_respin,Scout,3.002912411908529,77.22962434946824
Oxygen.1a_respin,Subversive,0.021248117784841893,0.05306346548557651
Oxygen.1a_respin,WebTools,1.5015957773276867,64.63129866801292
Oxygen.1a_respin,Window Builder,0.33647227270224134,0.17935039463173988
Oxygen.2,BIRT,10.33451371788446,2.5961240114575292
Oxygen.2,CDT,7.266414185486404,7.454283346202809
Oxygen.2,CVS,6.364632701421801,17.57780493749101
Oxygen.2,DataTools,7.279944289693593,98.58257892293408
Oxygen.2,EclipseLink,7.607090657712819,95.01300992501002
Oxygen.2,EGit,10.456739055498105,81.43733434357745
Oxygen.2,EMF,14.663981303794342,89.21818845394395
Oxygen.2,GEF,12.06846716647096,69.1542442231226
Oxygen.2,GMF Runtime,3.9772296015180264,97.91204388231401
Oxygen.2,JDT,19.79205217214484,46.95324404763635
Oxygen.2,m2e,7.6251077984477025,86.74373785956782
Oxygen.2,Mylyn,4.060796836982968,62.677287975241946
Oxygen.2,PDE,10.56344410876133,88.78227990448532
Oxygen.2,PTP,4.87317169587561,38.418246003414005
Oxygen.2,RAP,2.9815101460952906,86.72312479094981
Oxygen.2,Scout,3.029814893316377,77.99619437892233
Oxygen.2,Subversive,0.02158273381294964,0.05462306106073916
Oxygen.2,WebTools,1.5336646115149841,66.28164382904068
Oxygen.2,Window Builder,0.33718817115479927,0.1819097239334706
Oxygen.2_respin,BIRT,10.334488281633053,2.5959938536479608
Oxygen.2_respin,CDT,7.264775929302358,7.430240850876207
Oxygen.2_respin,CVS,6.38478866559962,17.82570352834925
Oxygen.2_respin,DataTools,7.279944289693593,98.58257892293408
Oxygen.2_respin,EclipseLink,7.613727943112984,95.09594907748237
Oxygen.2_respin,EGit,10.456739055498105,81.43733434357745
Oxygen.2_respin,EMF,14.663810627505367,89.21419903080546
Oxygen.2_respin,GEF,12.06846716647096,69.1542442231226
Oxygen.2_respin,GMF Runtime,3.9772296015180264,97.91204388231401
Oxygen.2_respin,JDT,20.065914437570793,50.832381925683265
Oxygen.2_respin,m2e,7.6251077984477025,86.74373785956782
Oxygen.2_respin,Mylyn,4.06003769455253,62.66448799809873
Oxygen.2_respin,PDE,10.686129266521423,89.81340837965267
Oxygen.2_respin,PTP,4.87317169587561,38.418246003414005
Oxygen.2_respin,RAP,2.9815101460952906,86.72312479094981
Oxygen.2_respin,Scout,3.027150113855316,77.92026309068962
Oxygen.2_respin,Subversive,0.02158273381294964,0.05462306106073916
Oxygen.2_respin,WebTools,1.8774498567335243,83.9737218311744
Oxygen.2_respin,Window Builder,0.347329507834915,0.21816489396687253
Oxygen.3,BIRT,10.335461170600986,2.6009721460461597
Oxygen.3,CDT,7.242688990889492,7.106100390585847
Oxygen.3,CVS,6.408371376059762,18.115747737602238
Oxygen.3,DataTools,0.028909446717665897,0.3914820909683923
Oxygen.3,EclipseLink,7.6331576280444065,95.33874134930132
Oxygen.3,EGit,10.466750745241917,81.71869176059502
Oxygen.3,EMF,14.912600515997816,95.02946571917495
Oxygen.3,GEF,12.06846716647096,69.1542442231226
Oxygen.3,GMF Runtime,3.9772296015180264,97.91204388231401
Oxygen.3,JDT,20.03457477498269,50.38846946464511
Oxygen.3,m2e,7.61483577315783,86.61045899526478
Oxygen.3,Mylyn,4.062889260215707,62.71256853456669
Oxygen.3,PDE,11.242537855668905,94.48983991034821
Oxygen.3,PTP,4.857321569660258,37.864352505118944
Oxygen.3,RAP,2.9815101460952906,86.72312479094981
Oxygen.3,Scout,2.9733788857693737,76.38808428261883
Oxygen.3,Subversive,0.02158273381294964,0.05462306106073916
Oxygen.3,WebTools,1.8794876937623564,84.0785941960335
Oxygen.3,Window Builder,0.34657417347978087,0.21546458173572927
PhotonM7,BIRT,10.330070767555798,2.5733893453488643
PhotonM7,CDT,7.243970830801285,7.124912240886708
PhotonM7,CVS,6.539609848935411,19.729852238148204
PhotonM7,DataTools,0.027537288225987094,0.37290077806024186
PhotonM7,EclipseLink,8.006179332106232,100.0
PhotonM7,EGit,10.524472333143184,83.3408352042719
PhotonM7,EMF,14.912416037931099,95.02515369040796
PhotonM7,GEF,12.06846716647096,69.1542442231226
PhotonM7,GMF Runtime,3.98756148981026,98.16639588137139
PhotonM7,JDT,20.30213469417092,54.17833739535811
PhotonM7,m2e,7.612962735210921,86.58615644894934
PhotonM7,Mylyn,4.06402893001489,62.73178462208264
PhotonM7,PDE,11.361935202673253,95.49333541545539
PhotonM7,PTP,4.859873451094121,37.9535297467025
PhotonM7,RAP,2.985927433028145,87.25689504706236
PhotonM7,Scout,3.0636782435390595,78.96111017921884
PhotonM7,Subversive,0.02158273381294964,0.05462306106073916
PhotonM7,WebTools,1.8728689722357525,83.73797766536
PhotonM7,Window Builder,0.34738088028847475,0.2183485499382292
PhotonRC4,BIRT,10.329240148051383,2.569139048654259
PhotonRC4,CDT,7.243025434609112,7.111037925164017
PhotonRC4,CVS,6.54032353990722,19.738629937128955
PhotonRC4,DataTools,0.027537288225987094,0.37290077806024186
PhotonRC4,EclipseLink,8.004685364315003,99.98133146083752
PhotonRC4,EGit,10.539049139208757,83.75048558377057
PhotonRC4,EMF,14.913173540036123,95.04285970243446
PhotonRC4,GEF,12.06846716647096,69.1542442231226
PhotonRC4,GMF Runtime,3.9879831342234717,98.17677598773321
PhotonRC4,JDT,20.298810447375228,54.131250909598236
PhotonRC4,m2e,7.728782735208536,88.08891346401228
PhotonRC4,Mylyn,4.06402893001489,62.73178462208264
PhotonRC4,PDE,11.359912854030501,95.47633823902159
PhotonRC4,PTP,4.859873451094121,37.9535297467025
PhotonRC4,RAP,2.986351305527297,87.30811438958428
PhotonRC4,Scout,3.185942717698433,82.44496284457917
PhotonRC4,Subversive,0.022251965869165134,0.05774225221106444
PhotonRC4,WebTools,1.872954929658176,83.74240125666746
PhotonRC4,Window Builder,0.34738088028847475,0.2183485499382292
Photon.0,BIRT,10.329240148051383,2.569139048654259
Photon.0,CDT,7.240398453349054,7.072485234026294
Photon.0,CVS,6.54032353990722,19.738629937128955
Photon.0,DataTools,0.027537288225987094,0.37290077806024186
Photon.0,EclipseLink,8.004685364315003,99.98133146083752
Photon.0,EGit,10.569395422976203,84.60330386273966
Photon.0,EMF,14.913173540036123,95.04285970243446
Photon.0,GEF,12.06846716647096,69.1542442231226
Photon.0,GMF Runtime,3.9879831342234717,98.17677598773321
Photon.0,JDT,20.299183978392666,54.136541811271435
Photon.0,m2e,7.728782735208536,88.08891346401228
Photon.0,Mylyn,4.078669690098262,62.97864395560507
Photon.0,PDE,11.360435729847495,95.48073283861068
Photon.0,PTP,4.859873451094121,37.9535297467025
Photon.0,RAP,2.986351305527297,87.30811438958428
Photon.0,Scout,3.1857436160657,82.43928956328757
Photon.0,Subversive,0.022251965869165134,0.05774225221106444
Photon.0,WebTools,1.872954929658176,83.74240125666746
Photon.0,Window Builder,0.34738088028847475,0.2183485499382292
2018-09,BIRT,10.318046242271183,2.5118596078459965
2018-09,CDT,7.240846716592356,7.079063794227753
2018-09,CVS,6.572252616555661,20.13132626456457
2018-09,DataTools,0.027590130128706536,0.373616345492901
2018-09,EclipseLink,6.95541842772612,86.86974966329042
2018-09,EGit,10.5125367065733,83.00540960198892
2018-09,EMF,14.915293719824914,95.09241722655179
2018-09,GEF,12.06846716647096,69.1542442231226
2018-09,GMF Runtime,3.9879831342234717,98.17677598773321
2018-09,JDT,20.301215875200732,54.165322730980094
2018-09,m2e,7.728957248395301,88.0911777613326
2018-09,Mylyn,4.093329706531266,63.225827972382284
2018-09,PDE,11.62003087048956,97.66254477428537
2018-09,PTP,4.859873451094121,37.9535297467025
2018-09,RAP,2.9853875476493013,87.19165709414752
2018-09,Scout,3.1993085730597226,82.82581485531577
2018-09,Subversive,0.023255813953488372,0.062421038936552334
2018-09,WebTools,1.8729299180562717,83.74111409493494
2018-09,Window Builder,0.34738088028847475,0.2183485499382292
2018-12,BIRT,10.320094475162175,2.5223404567065115
2018-12,CDT,11.878239080658402,75.13587037090245
2018-12,CVS,7.073819845857418,26.300111258804996
2018-12,DataTools,0.027534817706023243,0.37286732310239806
2018-12,EclipseLink,6.97368487724958,87.09800620957617
2018-12,EGit,10.531012940651495,83.52464517854737
2018-12,EMF,14.998608028290885,97.03982323096182
2018-12,GEF,12.06846716647096,69.1542442231226
2018-12,GMF Runtime,3.9879831342234717,98.17677598773321
2018-12,JDT,20.501771813226693,57.0061089000921
2018-12,m2e,7.736740130782271,88.19216015733217
2018-12,Mylyn,4.0875600961538465,63.128545989456306
2018-12,PDE,11.61518803542907,97.62184233543637
2018-12,PTP,4.859873451094121,37.9535297467025
2018-12,RAP,2.990662912070462,87.82911457901831
2018-12,Scout,3.192263225322626,82.62506190838631
2018-12,Subversive,0.023255813953488372,0.062421038936552334
2018-12,WebTools,1.8729299180562717,83.74111409493494
2018-12,Window Builder,0.3476190476190476,0.21919999559462383
2019-03,BIRT,10.3202551070383,2.523162413244384
2019-03,CDT,11.874922279792747,75.08719411984455
2019-03,CVS,7.1638771824202285,27.40772817226107
2019-03,DataTools,0.028758981637541026,0.38944454300836806
2019-03,EclipseLink,6.952376936505393,86.83174335666199
2019-03,EGit,10.685561853951317,87.86791631075393
2019-03,EMF,15.063854539995871,98.56490878950063
2019-03,GEF,12.06846716647096,69.1542442231226
2019-03,GMF Runtime,3.9879831342234717,98.17677598773321
2019-03,JDT,20.537480401711935,57.51190526436758
2019-03,m2e,7.746187363834423,88.31473739565324
2019-03,Mylyn,4.090368858609202,63.17590481671689
2019-03,PDE,11.758708357685563,98.82808352830543
2019-03,PTP,4.859873451094121,37.9535297467025
2019-03,RAP,2.9945592344821748,88.2999332157087
2019-03,Scout,3.1610205831903944,81.73482160912003
2019-03,Subversive,21.43866108786611,99.87644218544942
2019-03,WebTools,1.8729299180562717,83.74111409493494
2019-03,Window Builder,0.349242986288572,0.22500555894830498
2019-06,BIRT,10.320625142844705,2.52505589390128
2019-06,CDT,11.84566068585689,74.65776083443852
2019-06,CVS,9.199181117533719,52.43997039256162
2019-06,DataTools,0.029202519293888052,0.395450782104734
2019-06,EclipseLink,7.011767780222374,87.57388806575962
2019-06,EGit,11.00390537826378,96.81428940228713
2019-06,EMF,15.125250895721173,100.0
2019-06,GEF,12.06846716647096,69.1542442231226
2019-06,GMF Runtime,3.9910751932536894,98.25289676771982
2019-06,JDT,20.50220189940204,57.01220088056635
2019-06,m2e,7.777160120845921,88.71660691625269
2019-06,Mylyn,4.091086434573829,63.18800393748458
2019-06,PDE,11.750560881093207,98.75960666224829
2019-06,PTP,4.857312252964427,37.86402692681271
2019-06,RAP,2.9983063764925055,88.75272538903755
2019-06,Scout,3.1300355271873306,80.85192107170062
2019-06,Subversive,21.43866108786611,99.87644218544942
2019-06,WebTools,1.6296535934700378,71.22148513902668
2019-06,Window Builder,0.3523205011952848,0.23600764178438424
2019-09,BIRT,10.322446536431409,2.534376001483632
2019-09,CDT,11.893797549967763,75.36420122007131
2019-09,CVS,9.57937511287701,57.11598364932682
2019-09,DataTools,0.029202519293888052,0.395450782104734
2019-09,EclipseLink,7.174261446940461,89.60439996741533
2019-09,EGit,11.117264202978488,100.0
2019-09,EMF,14.988952423249875,96.81413110701226
2019-09,GEF,12.06846716647096,69.1542442231226
2019-09,GMF Runtime,3.9910751932536894,98.25289676771982
2019-09,JDT,20.46771144069577,56.52365878590936
2019-09,m2e,8.269654665686994,95.10669180794153
2019-09,Mylyn,4.092112371690978,63.20530236676919
2019-09,PDE,11.750717578498739,98.76092365250024
2019-09,PTP,4.912772794216093,39.802133462612424
2019-09,RAP,3.00067732035136,89.03922235652149
2019-09,Scout,3.493190575639027,91.19980578789651
2019-09,Subversive,21.43866108786611,99.87644218544942
2019-09,WebTools,1.6296535934700378,71.22148513902668
2019-09,Window Builder,0.3523205011952848,0.23600764178438424
2019-12,BIRT,10.322628039091919,2.535304754244587
2019-12,CDT,11.868985333218973,75.0000654939042
2019-12,CVS,9.661810739224657,58.12986100234312
2019-12,DataTools,0.029202519293888052,0.395450782104734
2019-12,EclipseLink,0.0035832091489041073,0.0
2019-12,EGit,10.923668950975223,94.55941390071875
2019-12,EMF,15.021484483428635,97.57454225960342
2019-12,GEF,12.06846716647096,69.1542442231226
2019-12,GMF Runtime,3.9921293042867183,98.27884703362434
2019-12,JDT,20.310523321167377,54.29715858701133
2019-12,m2e,8.370684359257893,96.41754555294632
2019-12,Mylyn,4.09196436605777,63.202806828848814
2019-12,PDE,11.810584312019719,99.26408389434016
2019-12,PTP,4.912772794216093,39.802133462612424
2019-12,RAP,3.001184508323286,89.10050926357263
2019-12,Scout,3.557917418903966,93.04415826214817
2019-12,Subversive,21.43866108786611,99.87644218544942
2019-12,WebTools,1.6296535934700378,71.22148513902668
2019-12,Window Builder,0.3523108204649118,0.23597303327696642
2020-03,BIRT,10.32378226613851,2.541210957235097
2020-03,CDT,13.572481444957699,100.0
2020-03,CVS,9.75917555595733,59.32735275487173
2020-03,DataTools,0.029202519293888052,0.395450782104734
2020-03,EclipseLink,0.004997284084736557,0.0176702024456269
2020-03,EGit,10.924044002095338,94.56995392114538
2020-03,EMF,15.021144738789404,97.56660099762111
2020-03,GEF,12.06846716647096,69.1542442231226
2020-03,GMF Runtime,4.017203848044379,98.89613596956912
2020-03,JDT,20.282686242373323,53.902858676447764
2020-03,m2e,8.64679012345679,100.0
2020-03,Mylyn,4.103211490599418,63.392445730967594
2020-03,PDE,11.862652134948396,99.70169685292409
2020-03,PTP,4.917057798042108,39.95187585123139
2020-03,RAP,3.0021363001819026,89.21552062504001
2020-03,Scout,3.587843125887707,93.89687328631945
2020-03,Subversive,21.436004684624393,99.86406108474407
2020-03,WebTools,1.6296535934700378,71.22148513902668
2020-03,Window Builder,0.35296057150707516,0.23829588629487292
2020-06,BIRT,10.325672249246406,2.550882038775628
2020-06,CDT,12.73836839780672,87.75883818826541
2020-06,CVS,9.796222544050206,59.78299437353826
2020-06,DataTools,0.029202519293888052,0.395450782104734
2020-06,EclipseLink,0.017155539559714474,0.16959909262289202
2020-06,EGit,10.96695073789233,95.77575720364896
2020-06,EMF,15.022214412548092,97.5916037749205
2020-06,GEF,12.06846716647096,69.1542442231226
2020-06,GMF Runtime,4.017414507408188,98.90132201386125
2020-06,JDT,23.537086562602337,100.0
2020-06,m2e,8.221989657719773,94.48824140993385
2020-06,Mylyn,4.103115348865101,63.39082467548126
2020-06,PDE,11.880903371698606,99.8550925061861
2020-06,PTP,4.917057798042108,39.95187585123139
2020-06,RAP,2.9991769894696856,88.85792736456419
2020-06,Scout,3.8020300189775145,100.0
2020-06,Subversive,21.436004684624393,99.86406108474407
2020-06,WebTools,1.6296535934700378,71.22148513902668
2020-06,Window Builder,0.35296057150707516,0.23829588629487292
2020-09,BIRT,10.325672249246406,2.550882038775628
2020-09,CDT,12.709719785129128,87.33840080910444
2020-09,CVS,9.827721457880763,60.17040012020818
2020-09,DataTools,0.0295213426533726,0.39976818176442064
2020-09,EclipseLink,0.017189227170289888,0.17002005114757343
2020-09,EGit,10.994498650612414,96.54993316849432
2020-09,EMF,12.017036530608474,27.347949841217243
2020-09,GEF,12.06846716647096,69.1542442231226
2020-09,GMF Runtime,4.017414507408188,98.90132201386125
2020-09,JDT,23.038858522606667,92.94282014776208
2020-09,m2e,8.227692307692308,94.56223292479184
2020-09,Mylyn,4.103115348865101,63.39082467548126
2020-09,PDE,11.892182741116752,99.94989190328778
2020-09,PTP,4.917057798042108,39.95187585123139
2020-09,RAP,3.0108226475480597,90.26514994022693
2020-09,Scout,3.789653018342893,99.64732481003529
2020-09,Subversive,21.436004684624393,99.86406108474407
2020-09,WebTools,1.6312213816444356,71.30216757394223
2020-09,Window Builder,0.35296057150707516,0.23829588629487292
2020-12,BIRT,10.325672249246406,2.550882038775628
2020-12,CDT,12.677154523963035,86.86048401744516
2020-12,CVS,9.83238773539353,60.22779075703225
2020-12,DataTools,0.0295213426533726,0.39976818176442064
2020-12,EclipseLink,0.02117872380447515,0.2198725811626826
2020-12,EGit,11.017429193899781,97.19434770742174
2020-12,EMF,12.016609699769052,27.337973008247484
2020-12,GEF,12.06846716647096,69.1542442231226
2020-12,GMF Runtime,4.017414507408188,98.90132201386125
2020-12,JDT,23.021019749033726,92.69014180904658
2020-12,m2e,8.23734983618493,94.6875387328626
2020-12,Mylyn,4.112220423337531,63.544346255176364
2020-12,PDE,11.89782181650104,99.99728648066383
2020-12,PTP,4.917057798042108,39.95187585123139
2020-12,RAP,3.0111798888327437,90.30831778848271
2020-12,Scout,3.7247431143318144,97.79775612990905
2020-12,Subversive,21.458640321500337,99.9695624240324
2020-12,WebTools,1.6312213816444356,71.30216757394223
2020-12,Window Builder,0.4224121348685114,0.4865844815933104
2021-03,BIRT,10.333405875952122,2.5904551620287157
2021-03,CDT,12.566628762685319,85.23844521492686
2021-03,CVS,9.83631096088846,60.27604258280611
2021-03,DataTools,0.0295213426533726,0.39976818176442064
2021-03,EclipseLink,0.02184246071776634,0.22816660104189534
2021-03,EGit,10.983709016393442,96.2467132633539
2021-03,EMF,12.016960739030024,27.34617827307158
2021-03,GEF,12.06846716647096,69.1542442231226
2021-03,GMF Runtime,4.037916023030474,99.40603144690404
2021-03,JDT,23.08604937128955,93.61125764987005
2021-03,m2e,8.223205625606207,94.50401851467801
2021-03,Mylyn,4.112220423337531,63.544346255176364
2021-03,PDE,11.89814467495744,100.0
2021-03,PTP,4.917057798042108,39.95187585123139
2021-03,RAP,3.0136190456143304,90.60305737859687
2021-03,Scout,3.745447358762246,98.38771112410637
2021-03,Subversive,21.458975217682518,99.97112332536406
2021-03,WebTools,1.6327734229189996,71.38203963265919
2021-03,Window Builder,0.42813984784817777,0.507060994160681
2021-06,BIRT,27.156717957627947,88.6756811325556
2021-06,CDT,12.56906006340502,85.27412616443904
2021-06,CVS,9.827609102432547,60.169018258390885
2021-06,DataTools,0.0295213426533726,0.39976818176442064
2021-06,EclipseLink,0.030849909892981902,0.340723189389214
2021-06,EGit,10.931263858093127,94.77285274110055
2021-06,EMF,12.016422514916965,27.33359771051529
2021-06,GEF,12.06846716647096,69.1542442231226
2021-06,GMF Runtime,4.038682954226341,99.42491187585284
2021-06,JDT,22.98864753614829,92.23160372967743
2021-06,m2e,4.833716567832506,50.52561703692415
2021-06,Mylyn,4.112580200275829,63.55041249044688
2021-06,PDE,11.88668163758853,99.90365693406775
2021-06,PTP,4.917057798042108,39.95187585123139
2021-06,RAP,3.016266492708487,90.92296607707463
2021-06,Scout,3.6957148001440405,96.9706117737965
2021-06,Subversive,21.460314802411254,99.97736693069076
2021-06,WebTools,1.6337555052377517,71.4325801291742
2021-06,Window Builder,0.42813984784817777,0.507060994160681
2021-09,BIRT,27.156770550548377,88.67595025158623
2021-09,CDT,12.567907180853911,85.25720684887834
2021-09,CVS,9.82984245789823,60.19648634019259
2021-09,DataTools,0.029733181947204087,0.4026368388683887
2021-09,EclipseLink,0.03216367236665945,0.35713989283759506
2021-09,EGit,10.897183238777744,93.81508884047018
2021-09,EMF,12.02706647452241,27.582391839975166
2021-09,GEF,12.06846716647096,69.1542442231226
2021-09,GMF Runtime,4.06120871398454,99.97945445923435
2021-09,JDT,23.489650780171957,99.32809311967723
2021-09,m2e,5.43210469444111,58.28966430863869
2021-09,Mylyn,4.113119865683276,63.55951184335267
2021-09,PDE,11.89184131736527,99.94702234874117
2021-09,PTP,4.9182701977874625,39.99424398932459
2021-09,RAP,3.0162658081350084,90.92288335549317
2021-09,Scout,3.7084486767799802,97.33345593080537
2021-09,Subversive,21.460314802411254,99.97736693069076
2021-09,WebTools,1.6337555052377517,71.4325801291742
2021-09,Window Builder,0.42813984784817777,0.507060994160681
2021-12,BIRT,27.159856226042198,88.69173971509187
2021-12,CDT,12.553682095995214,85.04844430028167
2021-12,CVS,9.829963179815296,60.19797110137108
2021-12,DataTools,0.029733181947204087,0.4026368388683887
2021-12,EclipseLink,0.08975622135638259,1.0768132101565258
2021-12,EGit,10.686381169023836,87.89094143222955
2021-12,EMF,12.02695512406008,27.57978911106908
2021-12,GEF,12.06846716647096,69.1542442231226
2021-12,GMF Runtime,4.062043282743114,100.0
2021-12,JDT,23.468541379675745,99.02908779698207
2021-12,m2e,5.454360081564112,58.578426518297846
2021-12,Mylyn,4.128350422737903,63.816315803138245
2021-12,PDE,11.80703506119305,99.23425360631097
2021-12,PTP,4.9182701977874625,39.99424398932459
2021-12,RAP,3.0171159426384624,91.02561078038912
2021-12,Scout,3.700838414634146,97.11660608751977
2021-12,Subversive,21.460314802411254,99.97736693069076
2021-12,WebTools,1.6408986863057324,71.80018670448763
2021-12,Window Builder,0.43679045603232636,0.5379868257843942
2022-03,BIRT,29.36942120892389,99.99812813162215
2022-03,CDT,12.343348404897034,81.96165797559038
2022-03,CVS,9.83400736403694,60.24771060084986
2022-03,DataTools,0.029733181947204087,0.4026368388683887
2022-03,EclipseLink,0.11469099404795016,1.3883967551518346
2022-03,EGit,10.727246007641815,89.03936150262778
2022-03,EMF,12.03131350452614,27.681662804140373
2022-03,GEF,12.06846716647096,69.1542442231226
2022-03,GMF Runtime,4.061757886601559,99.99297407433427
2022-03,JDT,23.450666243654823,98.77589440027167
2022-03,m2e,5.524792379091354,59.49228102700309
2022-03,Mylyn,4.339801754858803,67.38161805674739
2022-03,PDE,11.813055453022516,99.28485302322794
2022-03,PTP,4.9182701977874625,39.99424398932459
2022-03,RAP,3.0171790235081373,91.03323326280287
2022-03,Scout,3.6332585727024616,95.19095913195824
2022-03,Subversive,21.460314802411254,99.97736693069076
2022-03,WebTools,1.6417943869426752,71.84628177620975
2022-03,Window Builder,0.4391148982957669,0.5462966819850168
2022-06,BIRT,29.369787021123848,100.0
2022-06,CDT,12.35620819091157,82.15038385873763
2022-06,CVS,9.83400736403694,60.24771060084986
2022-06,DataTools,0.029733181947204087,0.4026368388683887
2022-06,EclipseLink,0.44313363374455195,5.49259787501576
2022-06,EGit,10.646643451344554,86.77419671774959
2022-06,EMF,12.031867137130295,27.69460352797783
2022-06,GEF,12.06846716647096,69.1542442231226
2022-06,GMF Runtime,0.0,0.0
2022-06,JDT,23.29663415340468,96.59409796039073
2022-06,m2e,5.721238938053097,62.04116243410738
2022-06,Mylyn,4.339801754858803,67.38161805674739
2022-06,PDE,11.127246524245507,93.52085411825193
2022-06,PTP,4.9182701977874625,39.99424398932459
2022-06,RAP,3.0173037298683822,91.04830236446158
2022-06,Scout,3.641810775082958,95.43464899577882
2022-06,Subversive,21.460314802411254,99.97736693069076
2022-06,WebTools,1.6524183917197452,72.39302054358029
2022-06,Window Builder,1.1513937619139707,3.0926859920164373
2022-09,BIRT,29.36904451116042,99.9962005615971
2022-09,CDT,12.35960709905339,82.20026508849342
2022-09,CVS,9.83400736403694,60.24771060084986
2022-09,DataTools,0.029733181947204087,0.4026368388683887
2022-09,EclipseLink,0.4434422899353647,5.496454825761123
2022-09,EGit,10.68639455782313,87.89131769618527
2022-09,EMF,12.05571251823537,28.251970434053003
2022-09,GEF,13.902809140999006,81.1862892929177
2022-09,GMF Runtime,0.0007731777605960498,0.01903420783034886
2022-09,JDT,23.352830610286677,97.39009592003637
2022-09,m2e,5.872791952894995,64.00755300751692
2022-09,Mylyn,4.345330418899901,67.47483741917686
2022-09,PDE,11.10606488808501,93.34282941995524
2022-09,PTP,4.9182701977874625,39.99424398932459
2022-09,RAP,3.0175058843308675,91.07273003711568
2022-09,Scout,3.654391540043261,95.7931303276667
2022-09,Subversive,21.460314802411254,99.97736693069076
2022-09,WebTools,1.6524183917197452,72.39302054358029
2022-09,Window Builder,1.172697413816897,3.1688463194402763
2022-12,BIRT,29.36801287838411,99.99092167595104
2022-12,CDT,12.565447999485674,85.22111673236977
2022-12,CVS,9.83400736403694,60.24771060084986
2022-12,DataTools,0.029733181947204087,0.4026368388683887
2022-12,EclipseLink,0.5769835696206236,7.165179295088825
2022-12,EGit,10.714701036922182,88.68681156864503
2022-12,EMF,12.050091360440007,28.12058032059009
2022-12,GEF,14.002532790592491,81.84040911522729
2022-12,GMF Runtime,0.0007731777605960498,0.01903420783034886
2022-12,JDT,16.525626103446022,0.6857633152264458
2022-12,m2e,5.9825306320514375,65.43140527767305
2022-12,Mylyn,4.564913550686304,71.17725076772459
2022-12,PDE,11.10606488808501,93.34282941995524
2022-12,PTP,4.9182701977874625,39.99424398932459
2022-12,RAP,3.028708133971292,92.42637261241063
2022-12,Scout,3.6961474841257136,96.98294084365246
2022-12,Subversive,21.460314802411254,99.97736693069076
2022-12,WebTools,1.6524183917197452,72.39302054358029
2022-12,Window Builder,1.1747902406712298,3.1763281530335807
2023-03,BIRT,29.369293162123668,99.99747291357245
2023-03,CDT,12.560314114840214,85.14577357249172
2023-03,CVS,9.83400736403694,60.24771060084986
2023-03,DataTools,0.029733181947204087,0.4026368388683887
2023-03,EclipseLink,0.5938427896499773,7.375851179191398
2023-03,EGit,10.713483146067416,88.65258531574719
2023-03,EMF,12.043189185207014,27.95924743864328
2023-03,GEF,13.953599423371475,81.51943925900864
2023-03,GMF Runtime,0.000773286467486819,0.01903688399313696
2023-03,JDT,16.477212074102862,0.0
2023-03,m2e,6.109384339509862,67.077323933983
2023-03,Mylyn,0.38298373098761435,0.665309977102875
2023-03,PDE,11.144869442484122,93.66896896069208
2023-03,PTP,4.9182701977874625,39.99424398932459
2023-03,RAP,3.028622166509976,92.41598459040947
2023-03,Scout,3.6698672911787664,96.23410254966804
2023-03,Subversive,21.460314802411254,99.97736693069076
2023-03,WebTools,1.6570468963801468,72.63121536614462
2023-03,Window Builder,1.1769982336056524,3.1842217041299565
2023-06,BIRT,29.337641620002604,99.83551133653107
2023-06,CDT,12.541454292888817,84.86899318518559
2023-06,CVS,13.066158536585366,100.0
2023-06,DataTools,0.516864726392941,6.999209836571076
2023-06,EclipseLink,0.5909067639810149,7.339162764283895
2023-06,EGit,10.722545031958164,88.90725049942456
2023-06,EMF,12.044810756054884,27.997150373491607
2023-06,GEF,13.932309593151532,81.37979234458824
2023-06,GMF Runtime,0.026941474395047835,0.6632493186250381
2023-06,JDT,16.494987646975126,0.2517831287400379
2023-06,m2e,6.16952764295016,67.85767940933982
2023-06,Mylyn,0.3915334621464957,0.8094678571349725
2023-06,PDE,11.219650408796166,94.29747843300872
2023-06,PTP,4.9182701977874625,39.99424398932459
2023-06,RAP,3.0297693657558287,92.5546083304062
2023-06,Scout,3.6612782440284053,95.98936281628738
2023-06,Subversive,21.465170797052913,100.0
2023-06,WebTools,1.6738465365004354,73.49576830304271
2023-06,Window Builder,1.272537504522809,3.525773574581143
2023-09,BIRT,29.344025696396212,99.86817878371916
2023-09,CDT,12.543450397334016,84.89828734092416
2023-09,CVS,13.066158536585366,100.0
2023-09,DataTools,0.516864726392941,6.999209836571076
2023-09,EclipseLink,0.626771762680459,7.787329810932129
2023-09,EGit,10.74080526519551,89.4204158280818
2023-09,EMF,12.04694636805658,28.0470686133686
2023-09,GEF,15.29107898448519,90.29240230663798
2023-09,GMF Runtime,0.04038272126072886,0.9941479804582053
2023-09,JDT,16.521692520310502,0.6300458496832824
2023-09,m2e,6.1995531514581375,68.24725844182234
2023-09,Mylyn,0.40377022413537184,1.0157931361399495
2023-09,PDE,11.25638426668919,94.60621444939234
2023-09,PTP,4.9182701977874625,39.99424398932459
2023-09,RAP,3.0298111473218015,92.55965707582597
2023-09,Scout,3.656672666495243,95.85812965412192
2023-09,Subversive,21.465170797052913,100.0
2023-09,WebTools,2.183007186015864,99.69849239353617
2023-09,Window Builder,25.89964843200675,91.56743142211354
2023-12,BIRT,29.334439600008675,99.81912653588057
2023-12,CDT,12.543796127185534,84.9033611556427
2023-12,CVS,13.066158536585366,100.0
2023-12,DataTools,0.5141455322002788,6.962387415212108
2023-12,EclipseLink,0.6577216608100341,8.174078031809954
2023-12,EGit,10.7624806501548,90.02955679040298
2023-12,EMF,12.047185796375423,28.052665060777553
2023-12,GEF,15.63674045330276,92.55970820131701
2023-12,GMF Runtime,0.04600773830460781,1.1326255064800441
2023-12,JDT,16.677487032293772,2.8368062140078787
2023-12,m2e,6.219165196942975,68.50172346455314
2023-12,Mylyn,0.3435254548234215,0.0
2023-12,PDE,11.304370957354465,95.0095268310805
2023-12,PTP,4.9182701977874625,39.99424398932459
2023-12,RAP,3.0315862040151247,92.77414902081654
2023-12,Scout,3.658526606489887,95.9109565593711
2023-12,Subversive,21.454728033472804,99.9513278309945
2023-12,WebTools,2.183007186015864,99.69849239353617
2023-12,Window Builder,26.017105337316124,91.98733860081299
2024-03,BIRT,29.34295010845987,99.86267497863598
2024-03,CDT,12.527622747014695,84.66600608202268
2024-03,CVS,13.066158536585366,100.0
2024-03,DataTools,0.5145691039692204,6.968123282916526
2024-03,EclipseLink,0.6637819393516093,8.249806938385532
2024-03,EGit,10.74857529218584,89.63877604300029
2024-03,EMF,12.046850828729282,28.044835457226974
2024-03,GEF,16.664747054133073,99.30273754099048
2024-03,GMF Runtime,0.04614843475202251,1.1360891930442032
2024-03,JDT,16.829611439388124,4.9915811656328986
2024-03,m2e,6.2591855838989,69.02098539897543
2024-03,Mylyn,2.0448172335881645,28.685652400659922
2024-03,PDE,9.88207586149905,83.05560346982752
2024-03,PTP,4.9182701977874625,39.99424398932459
2024-03,RAP,3.0316018129790923,92.77603515608945
2024-03,Scout,3.6206050488187382,94.83040457830229
2024-03,Subversive,21.454728033472804,99.9513278309945
2024-03,WebTools,2.1830975409632263,99.70314229285222
2024-03,Window Builder,26.21941647634059,92.71059875638645
2024-06,BIRT,29.34263596148842,99.86106748227057
2024-06,CDT,12.515718443186543,84.4913025332481
2024-06,CVS,13.066158536585366,100.0
2024-06,DataTools,0.5145691039692204,6.968123282916526
2024-06,EclipseLink,0.7923720970744825,9.856662460607653
2024-06,EGit,10.699277108433735,88.25335460075856
2024-06,EMF,12.342123678685867,34.94660457146719
2024-06,GEF,16.691916980471145,99.48095391655306
2024-06,GMF Runtime,0.050154755205402364,1.2347173999468724
2024-06,JDT,16.891359310879317,5.86621245818321
2024-06,m2e,6.262868507253159,69.06877109148677
2024-06,Mylyn,2.113649025069638,29.84623218432635
2024-06,PDE,9.814297385620915,82.4859476307891
2024-06,PTP,4.9182701977874625,39.99424398932459
2024-06,RAP,3.0316018129790923,92.77603515608945
2024-06,Scout,3.6012182283050085,94.27798878635623
2024-06,Subversive,21.454728033472804,99.9513278309945
2024-06,WebTools,2.185310425420821,99.81702305119771
2024-06,Window Builder,26.215871789920833,92.69792654039391
2024-09,BIRT,29.35109952761036,99.90437572018391
2024-09,CDT,12.513318765655812,84.4560856749937
2024-09,CVS,13.066158536585366,100.0
2024-09,DataTools,0.5145691039692204,6.968123282916526
2024-09,EclipseLink,0.8311966742120843,10.341812236268884
2024-09,EGit,10.734491075735649,89.24296885534837
2024-09,EMF,12.343836322787375,34.98663627152092
2024-09,GEF,16.659257962898145,99.26673280793199
2024-09,GMF Runtime,0.050154755205402364,1.2347173999468724
2024-09,JDT,16.737923843264362,3.6928669140818107
2024-09,m2e,6.251021122651418,68.91505204192036
2024-09,Mylyn,2.1440106422472467,30.358162476090385
2024-09,PDE,9.869445654541494,82.94945072666799
2024-09,PTP,4.9182701977874625,39.99424398932459
2024-09,RAP,2.9019033383158943,77.10370300046822
2024-09,Scout,3.633767145615487,95.20545061127596
2024-09,Subversive,21.454728033472804,99.9513278309945
2024-09,WebTools,2.186727666028494,99.88995791890211
2024-09,Window Builder,26.42541292755885,93.4470338635887
2024-12,BIRT,29.336823715792445,99.83132610425267
2024-12,CDT,12.51217588694809,84.43931317246516
2024-12,CVS,13.066158536585366,100.0
2024-12,DataTools,0.5145141082426018,6.967378549118565
2024-12,EclipseLink,0.8312222512405327,10.34213184540641
2024-12,EGit,10.73503861003861,89.25835615171405
2024-12,EMF,12.348961402474956,35.10643095193588
2024-12,GEF,16.603361344537817,98.90008872482221
2024-12,GMF Runtime,0.050154755205402364,1.2347173999468724
2024-12,JDT,16.595744413758474,1.6789581719717708
2024-12,m2e,6.24967974845697,68.89764779843415
2024-12,Mylyn,2.1440106422472467,30.358162476090385
2024-12,PDE,9.908566452596059,83.27824819151061
2024-12,PTP,4.9182701977874625,39.99424398932459
2024-12,RAP,2.9038457708470253,77.33842008481962
2024-12,Scout,3.6298966773210437,95.09516394479742
2024-12,Subversive,21.449054709720595,99.92488531217542
2024-12,WebTools,2.186727666028494,99.88995791890211
2024-12,Window Builder,26.393576908074373,93.33322043484617
2025-03,BIRT,29.333145354574935,99.81250385598948
2025-03,CDT,12.503264562719012,84.30853358303474
2025-03,CVS,13.066158536585366,100.0
2025-03,DataTools,0.5145494009070215,6.967856470615915
2025-03,EclipseLink,0.8343800024627509,10.381590930604519
2025-03,EGit,10.758321273516643,89.91266628567692
2025-03,EMF,12.349366529169123,35.11590046769247
2025-03,GEF,16.771048002010556,100.0
2025-03,GMF Runtime,0.05289814293753517,1.3022545368303617
2025-03,JDT,17.00755199839426,7.512030492260448
2025-03,m2e,6.2455916473317865,68.8446049505298
2025-03,Mylyn,2.1461981067871063,30.39504553648743
2025-03,PDE,9.914208095626188,83.32566434910703
2025-03,PTP,4.9182701977874625,39.99424398932459
2025-03,RAP,2.9035161071954763,77.29858462599769
2025-03,Scout,3.69007162262287,96.80981282395106
2025-03,Subversive,21.449054709720595,99.92488531217542
2025-03,WebTools,2.1882692259877174,99.9692905820192
2025-03,Window Builder,26.53781732530751,93.84887838186313
2025-06,BIRT,29.317020838525806,99.72999438335914
2025-06,CDT,12.604169360051714,85.78937836294658
2025-06,CVS,13.066158536585366,100.0
2025-06,DataTools,0.5145494009070215,6.967856470615915
2025-06,EclipseLink,0.8474302517600023,10.544666126412709
2025-06,EGit,10.775612579587111,90.39860196060671
2025-06,EMF,12.340769782980837,34.91495833117706
2025-06,GEF,16.726014837042595,99.7046128377074
2025-06,GMF Runtime,0.05359780544418654,1.3194789349460532
2025-06,JDT,17.287758008895995,11.481024713874321
2025-06,m2e,6.246899269734555,68.86157126670018
2025-06,Mylyn,2.1489203736930027,30.440945953558195
2025-06,PDE,10.385621621621622,87.28774027668959
2025-06,PTP,4.9182701977874625,39.99424398932459
2025-06,RAP,2.905640516385303,77.55529116432727
2025-06,Scout,3.659751742900867,95.94586608464547
2025-06,Subversive,21.451731637945457,99.93736207677671
2025-06,WebTools,2.1888162311345383,99.99744088183492
2025-06,Window Builder,27.088988309058845,95.8193087465864
2025-09,BIRT,29.319852622453404,99.74448467861869
2025-09,CDT,12.630408231644708,86.17445119453009
2025-09,CVS,13.066158536585366,100.0
2025-09,DataTools,0.5145494009070215,6.967856470615915
2025-09,EclipseLink,0.8655491379684718,10.771078729648941
2025-09,EGit,10.779853620955317,90.5177874802699
2025-09,EMF,12.33435131356244,34.76493168971949
2025-09,GEF,16.708426919557443,99.58924797182975
2025-09,GMF Runtime,0.05373848209889569,1.3229421342503733
2025-09,JDT,17.321830055584634,11.963640187338363
2025-09,m2e,6.251071718225003,68.91570851621786
2025-09,Mylyn,2.197698185591648,31.26339356334166
2025-09,PDE,10.372038489528585,87.17357851059822
2025-09,PTP,4.9182701977874625,39.99424398932459
2025-09,RAP,2.8931996598841234,76.0519794569751
2025-09,Scout,3.614232942730631,94.64883524729552
2025-09,Subversive,21.451731637945457,99.93736207677671
2025-09,WebTools,2.1888659588751587,100.0
2025-09,Window Builder,27.246214227309892,96.38138972068778
2025-12,BIRT,29.316306078892342,99.72633694395229
2025-12,CDT,12.772931821657163,88.26607934168698
2025-12,CVS,13.066158536585366,100.0
2025-12,DataTools,0.5145494009070215,6.967856470615915
2025-12,EclipseLink,0.8782319866270109,10.929562907329174
2025-12,EGit,10.789402697495182,90.78614412923818
2025-12,EMF,12.336007064537494,34.803633557981954
2025-12,GEF,16.431944444444444,97.7757095761748
2025-12,GMF Runtime,0.054016036010690674,1.329774998709847
2025-12,JDT,17.31631600531895,11.885536103835644
2025-12,m2e,6.212180746561886,68.41110067223093
2025-12,Mylyn,2.2442999811569626,32.04915114209387
2025-12,PDE,10.38988664207437,87.32358637344889
2025-12,PTP,4.9182701977874625,39.99424398932459
2025-12,RAP,2.8933860603064754,76.07450346383511
2025-12,Scout,3.6094540677306344,94.512664078028
2025-12,Subversive,21.451731637945457,99.93736207677671
2025-12,WebTools,2.1888659588751587,100.0
2025-12,Window Builder,27.67481774494099,97.91364270653898
2026-03,BIRT,29.33759596355016,99.8352777115465
2026-03,CDT,12.772953666688512,88.26639993200077
2026-03,CVS,13.066158536585366,100.0
2026-03,DataTools,0.5145494009070215,6.967856470615915
2026-03,EclipseLink,0.8993177828848555,11.193049854988011
2026-03,EGit,10.800616451550761,91.10128302755429
2026-03,EMF,12.34548163956141,35.02509424859481
2026-03,GEF,16.546432062561095,98.52667106549443
2026-03,GMF Runtime,0.054016036010690674,1.329774998709847
2026-03,JDT,17.299181953396133,11.642839835640961
2026-03,m2e,6.221413721413722,68.53089792424942
2026-03,Mylyn,2.3024906561135716,33.03030998597957
2026-03,PDE,10.399257045950092,87.40234154185296
2026-03,PTP,4.9182701977874625,39.99424398932459
2026-03,RAP,2.894395443578689,76.19647398010791
2026-03,Scout,3.5999565458803082,94.24203790439847
2026-03,Subversive,21.451731637945457,99.93736207677671
2026-03,WebTools,2.1888659588751587,100.0
2026-03,Window Builder,28.258415938757484,100.0
