release,feature,Total LOC,Mean CSB
2018-09,BIRT,1210390,10.318046242271183
2018-09,CDT,1140563,7.240846716592356
2018-09,CVS,161243,6.572252616555661
2018-09,DataTools,558719,0.0275901301287065
2018-09,EGit,111572,10.5125367065733
2018-09,EMF,673811,14.915293719824914
2018-09,EclipseLink,1079198,6.95541842772612
2018-09,GEF,85909,12.06846716647096
2018-09,GMF Runtime,129453,3.987983134223472
2018-09,JDT,1370662,20.30121587520073
2018-09,Mylyn,287362,4.093329706531266
2018-09,PDE,346997,11.62003087048956
2018-09,PTP,129439,4.859873451094121
2018-09,RAP,414240,2.9853875476493013
2018-09,Scout,230464,3.1993085730597226
2018-09,Subversive,67583,0.0232558139534883
2018-09,WebTools,292545,1.872929918056272
2018-09,Window Builder,474559,0.3473808802884747
2018-09,m2e,71597,7.728957248395301
2018-12,BIRT,1210842,10.320094475162175
2018-12,CDT,1158382,11.878239080658402
2018-12,CVS,159608,7.073819845857418
2018-12,DataTools,560147,0.0275348177060232
2018-12,EGit,112737,10.531012940651497
2018-12,EMF,672864,14.998608028290883
2018-12,EclipseLink,1080365,6.97368487724958
2018-12,GEF,85909,12.06846716647096
2018-12,GMF Runtime,129453,3.987983134223472
2018-12,JDT,1384078,20.501771813226693
2018-12,Mylyn,289060,4.087560096153847
2018-12,PDE,347802,11.61518803542907
2018-12,PTP,129439,4.859873451094121
2018-12,RAP,414341,2.990662912070462
2018-12,Scout,233879,3.192263225322626
2018-12,Subversive,67583,0.0232558139534883
2018-12,WebTools,292545,1.872929918056272
2018-12,Window Builder,474563,0.3476190476190476
2018-12,m2e,71630,7.736740130782271
2019-03,BIRT,1210958,10.3202551070383
2019-03,CDT,1158943,11.874922279792749
2019-03,CVS,159801,7.1638771824202285
2019-03,DataTools,560154,0.028758981637541
2019-03,EGit,113211,10.685561853951317
2019-03,EMF,673983,15.063854539995871
2019-03,EclipseLink,1081450,6.952376936505393
2019-03,GEF,85909,12.06846716647096
2019-03,GMF Runtime,129453,3.987983134223472
2019-03,JDT,1396150,20.53748040171193
2019-03,Mylyn,289376,4.090368858609202
2019-03,PDE,346593,11.758708357685563
2019-03,PTP,129439,4.859873451094121
2019-03,RAP,414399,2.9945592344821748
2019-03,Scout,239665,3.1610205831903944
2019-03,Subversive,74572,21.43866108786611
2019-03,WebTools,292545,1.872929918056272
2019-03,Window Builder,475237,0.349242986288572
2019-03,m2e,71716,7.746187363834423
2019-06,BIRT,1210982,10.320625142844705
2019-06,CDT,1163115,11.84566068585689
2019-06,CVS,160795,9.19918111753372
2019-06,DataTools,560151,0.029202519293888
2019-06,EGit,112735,11.00390537826378
2019-06,EMF,674327,15.125250895721171
2019-06,EclipseLink,1083215,7.011767780222374
2019-06,GEF,85909,12.06846716647096
2019-06,GMF Runtime,129467,3.9910751932536894
2019-06,JDT,1403483,20.50220189940204
2019-06,Mylyn,289393,4.091086434573829
2019-06,PDE,347569,11.750560881093207
2019-06,PTP,129469,4.857312252964427
2019-06,RAP,414406,2.998306376492505
2019-06,Scout,243792,3.1300355271873306
2019-06,Subversive,74572,21.43866108786611
2019-06,WebTools,311709,1.6296535934700378
2019-06,Window Builder,475229,0.3523205011952848
2019-06,m2e,72043,7.777160120845921
2019-09,BIRT,1211055,10.322446536431409
2019-09,CDT,1162832,11.893797549967765
2019-09,CVS,159953,9.57937511287701
2019-09,DataTools,560151,0.029202519293888
2019-09,EGit,113901,11.117264202978488
2019-09,EMF,684029,14.988952423249875
2019-09,EclipseLink,1082409,7.174261446940461
2019-09,GEF,85909,12.06846716647096
2019-09,GMF Runtime,129467,3.9910751932536894
2019-09,JDT,1408346,20.46771144069577
2019-09,Mylyn,289389,4.092112371690978
2019-09,PDE,348489,11.75071757849874
2019-09,PTP,125066,4.912772794216093
2019-09,RAP,414510,3.00067732035136
2019-09,Scout,246862,3.493190575639027
2019-09,Subversive,74572,21.43866108786611
2019-09,WebTools,311709,1.6296535934700378
2019-09,Window Builder,475229,0.3523205011952848
2019-09,m2e,70619,8.269654665686994
2019-12,BIRT,1211082,10.32262803909192
2019-12,CDT,1165862,11.868985333218973
2019-12,CVS,160043,9.661810739224656
2019-12,DataTools,560151,0.029202519293888
2019-12,EGit,118241,10.923668950975223
2019-12,EMF,684047,15.021484483428637
2019-12,EclipseLink,1091604,0.0035832091489041
2019-12,GEF,85909,12.06846716647096
2019-12,GMF Runtime,129462,3.9921293042867183
2019-12,JDT,1421892,20.310523321167377
2019-12,Mylyn,289496,4.09196436605777
2019-12,PDE,348956,11.81058431201972
2019-12,PTP,125066,4.912772794216093
2019-12,RAP,414790,3.001184508323286
2019-12,Scout,250685,3.557917418903966
2019-12,Subversive,74572,21.43866108786611
2019-12,WebTools,311709,1.6296535934700378
2019-12,Window Builder,475232,0.3523108204649118
2019-12,m2e,70323,8.370684359257893
2020-03,BIRT,1211158,10.32378226613851
2020-03,CDT,973673,13.5724814449577
2020-03,CVS,160189,9.75917555595733
2020-03,DataTools,560151,0.029202519293888
2020-03,EGit,119083,10.924044002095338
2020-03,EMF,684292,15.021144738789404
2020-03,EclipseLink,1092660,0.0049972840847365
2020-03,GEF,85909,12.06846716647096
2020-03,GMF Runtime,129683,4.017203848044379
2020-03,JDT,1432221,20.282686242373323
2020-03,Mylyn,289738,4.103211490599418
2020-03,PDE,350370,11.862652134948396
2020-03,PTP,124827,4.917057798042108
2020-03,RAP,414823,3.0021363001819026
2020-03,Scout,252366,3.587843125887707
2020-03,Subversive,74585,21.436004684624397
2020-03,WebTools,311709,1.6296535934700378
2020-03,Window Builder,475242,0.3529605715070751
2020-03,m2e,69594,8.64679012345679
2020-06,BIRT,1211314,10.325672249246406
2020-06,CDT,929289,12.73836839780672
2020-06,CVS,159897,9.796222544050206
2020-06,DataTools,560151,0.029202519293888
2020-06,EGit,120328,10.96695073789233
2020-06,EMF,684437,15.022214412548092
2020-06,EclipseLink,1052241,0.0171555395597144
2020-06,GEF,85909,12.06846716647096
2020-06,GMF Runtime,129682,4.017414507408188
2020-06,JDT,1445868,23.537086562602337
2020-06,Mylyn,289749,4.103115348865101
2020-06,PDE,348951,11.880903371698606
2020-06,PTP,124827,4.917057798042108
2020-06,RAP,415867,2.9991769894696856
2020-06,Scout,253282,3.8020300189775145
2020-06,Subversive,74585,21.436004684624397
2020-06,WebTools,311709,1.6296535934700378
2020-06,Window Builder,475242,0.3529605715070751
2020-06,m2e,69831,8.221989657719773
2020-09,BIRT,1211314,10.325672249246406
2020-09,CDT,929436,12.709719785129128
2020-09,CVS,160027,9.827721457880765
2020-09,DataTools,560165,0.0295213426533726
2020-09,EGit,120491,10.994498650612414
2020-09,EMF,685018,12.017036530608474
2020-09,EclipseLink,1052389,0.0171892271702898
2020-09,GEF,85909,12.06846716647096
2020-09,GMF Runtime,129682,4.017414507408188
2020-09,JDT,1469241,23.038858522606667
2020-09,Mylyn,289749,4.103115348865101
2020-09,PDE,348737,11.892182741116752
2020-09,PTP,124827,4.917057798042108
2020-09,RAP,417039,3.01082264754806
2020-09,Scout,255736,3.789653018342893
2020-09,Subversive,74585,21.436004684624397
2020-09,WebTools,311732,1.6312213816444356
2020-09,Window Builder,475242,0.3529605715070751
2020-09,m2e,69874,8.227692307692308
2020-12,BIRT,1211314,10.325672249246406
2020-12,CDT,930468,12.677154523963036
2020-12,CVS,160020,9.83238773539353
2020-12,DataTools,560165,0.0295213426533726
2020-12,EGit,120663,11.01742919389978
2020-12,EMF,685088,12.016609699769052
2020-12,EclipseLink,1055061,0.0211787238044751
2020-12,GEF,85909,12.06846716647096
2020-12,GMF Runtime,129682,4.017414507408188
2020-12,JDT,1472714,23.021019749033726
2020-12,Mylyn,289868,4.112220423337531
2020-12,PDE,350672,11.89782181650104
2020-12,PTP,124827,4.917057798042108
2020-12,RAP,417102,3.011179888832744
2020-12,Scout,254274,3.7247431143318144
2020-12,Subversive,74497,21.458640321500337
2020-12,WebTools,311732,1.6312213816444356
2020-12,Window Builder,475249,0.4224121348685114
2020-12,m2e,71179,8.23734983618493
2021-03,BIRT,1211418,10.333405875952122
2021-03,CDT,932150,12.56662876268532
2021-03,CVS,160023,9.83631096088846
2021-03,DataTools,560165,0.0295213426533726
2021-03,EGit,122443,10.983709016393442
2021-03,EMF,685099,12.016960739030024
2021-03,EclipseLink,1055209,0.0218424607177663
2021-03,GEF,85909,12.06846716647096
2021-03,GMF Runtime,129693,4.037916023030474
2021-03,JDT,1473910,23.08604937128955
2021-03,Mylyn,289868,4.112220423337531
2021-03,PDE,350992,11.89814467495744
2021-03,PTP,124827,4.917057798042108
2021-03,RAP,417296,3.0136190456143304
2021-03,Scout,255251,3.745447358762246
2021-03,Subversive,74497,21.45897521768252
2021-03,WebTools,311715,1.6327734229189996
2021-03,Window Builder,475546,0.4281398478481777
2021-03,m2e,71220,8.223205625606207
2021-06,BIRT,911423,27.156717957627947
2021-06,CDT,933900,12.56906006340502
2021-06,CVS,160028,9.827609102432548
2021-06,DataTools,560165,0.0295213426533726
2021-06,EGit,124511,10.931263858093129
2021-06,EMF,685336,12.016422514916965
2021-06,EclipseLink,1057705,0.0308499098929819
2021-06,GEF,85909,12.06846716647096
2021-06,GMF Runtime,129701,4.038682954226341
2021-06,JDT,1490200,22.98864753614829
2021-06,Mylyn,289866,4.112580200275829
2021-06,PDE,351916,11.88668163758853
2021-06,PTP,124827,4.917057798042108
2021-06,RAP,417405,3.016266492708487
2021-06,Scout,259921,3.695714800144041
2021-06,Subversive,74505,21.46031480241125
2021-06,WebTools,311745,1.6337555052377517
2021-06,Window Builder,475546,0.4281398478481777
2021-06,m2e,71589,4.833716567832506
2021-09,BIRT,911468,27.156770550548377
2021-09,CDT,934530,12.567907180853911
2021-09,CVS,160029,9.82984245789823
2021-09,DataTools,560173,0.029733181947204
2021-09,EGit,126018,10.897183238777744
2021-09,EMF,685134,12.02706647452241
2021-09,EclipseLink,1135978,0.0321636723666594
2021-09,GEF,85909,12.06846716647096
2021-09,GMF Runtime,129642,4.06120871398454
2021-09,JDT,1491075,23.48965078017196
2021-09,Mylyn,289869,4.113119865683276
2021-09,PDE,351955,11.89184131736527
2021-09,PTP,124832,4.918270197787463
2021-09,RAP,417418,3.0162658081350084
2021-09,Scout,260023,3.70844867677998
2021-09,Subversive,74505,21.46031480241125
2021-09,WebTools,311745,1.6337555052377517
2021-09,Window Builder,475546,0.4281398478481777
2021-09,m2e,73442,5.43210469444111
2021-12,BIRT,911421,27.1598562260422
2021-12,CDT,938789,12.553682095995214
2021-12,CVS,160029,9.829963179815296
2021-12,DataTools,560173,0.029733181947204
2021-12,EGit,126436,10.686381169023836
2021-12,EMF,685142,12.02695512406008
2021-12,EclipseLink,2353494,0.0897562213563825
2021-12,GEF,85909,12.06846716647096
2021-12,GMF Runtime,129661,4.062043282743114
2021-12,JDT,1492503,23.468541379675745
2021-12,Mylyn,289909,4.128350422737903
2021-12,PDE,355424,11.80703506119305
2021-12,PTP,124832,4.918270197787463
2021-12,RAP,417770,3.0171159426384624
2021-12,Scout,263768,3.700838414634146
2021-12,Subversive,74505,21.46031480241125
2021-12,WebTools,311918,1.6408986863057324
2021-12,Window Builder,475209,0.4367904560323263
2021-12,m2e,73553,5.454360081564112
2022-03,BIRT,961260,29.36942120892389
2022-03,CDT,954279,12.343348404897034
2022-03,CVS,160038,9.83400736403694
2022-03,DataTools,560173,0.029733181947204
2022-03,EGit,127997,10.727246007641815
2022-03,EMF,685371,12.03131350452614
2022-03,EclipseLink,2375203,0.1146909940479501
2022-03,GEF,85909,12.06846716647096
2022-03,GMF Runtime,129665,4.061757886601559
2022-03,JDT,1495206,23.450666243654823
2022-03,Mylyn,291344,4.339801754858803
2022-03,PDE,357699,11.813055453022516
2022-03,PTP,124832,4.918270197787463
2022-03,RAP,417773,3.0171790235081373
2022-03,Scout,265610,3.6332585727024616
2022-03,Subversive,74505,21.46031480241125
2022-03,WebTools,311926,1.6417943869426752
2022-03,Window Builder,475271,0.4391148982957669
2022-03,m2e,71591,5.524792379091354
2022-06,BIRT,961283,29.369787021123848
2022-06,CDT,954860,12.35620819091157
2022-06,CVS,160038,9.83400736403694
2022-06,DataTools,560173,0.029733181947204
2022-06,EGit,129719,10.646643451344554
2022-06,EMF,685435,12.031867137130297
2022-06,EclipseLink,2416329,0.4431336337445519
2022-06,GEF,85909,12.06846716647096
2022-06,GMF Runtime,129610,0.0
2022-06,JDT,1499409,23.29663415340468
2022-06,Mylyn,291344,4.339801754858803
2022-06,PDE,359121,11.127246524245509
2022-06,PTP,124832,4.918270197787463
2022-06,RAP,417810,3.0173037298683822
2022-06,Scout,266246,3.641810775082958
2022-06,Subversive,74505,21.46031480241125
2022-06,WebTools,312127,1.6524183917197452
2022-06,Window Builder,477469,1.1513937619139707
2022-06,m2e,71087,5.721238938053097
2022-09,BIRT,961249,29.36904451116042
2022-09,CDT,955094,12.35960709905339
2022-09,CVS,160038,9.83400736403694
2022-09,DataTools,560173,0.029733181947204
2022-09,EGit,129214,10.68639455782313
2022-09,EMF,685735,12.05571251823537
2022-09,EclipseLink,2416421,0.4434422899353647
2022-09,GEF,82729,13.902809140999006
2022-09,GMF Runtime,129601,0.000773177760596
2022-09,JDT,1501304,23.35283061028668
2022-09,Mylyn,291365,4.345330418899901
2022-09,PDE,358915,11.10606488808501
2022-09,PTP,124832,4.918270197787463
2022-09,RAP,417991,3.0175058843308675
2022-09,Scout,269491,3.654391540043261
2022-09,Subversive,74505,21.46031480241125
2022-09,WebTools,312127,1.6524183917197452
2022-09,Window Builder,478010,1.172697413816897
2022-09,m2e,71827,5.872791952894995
2022-12,BIRT,961308,29.36801287838411
2022-12,CDT,937042,12.565447999485674
2022-12,CVS,160038,9.83400736403694
2022-12,DataTools,560173,0.029733181947204
2022-12,EGit,129825,10.714701036922182
2022-12,EMF,685876,12.050091360440009
2022-12,EclipseLink,2443322,0.5769835696206236
2022-12,GEF,82918,14.002532790592491
2022-12,GMF Runtime,129601,0.000773177760596
2022-12,JDT,1506921,16.525626103446022
2022-12,Mylyn,316468,4.564913550686304
2022-12,PDE,358915,11.10606488808501
2022-12,PTP,124832,4.918270197787463
2022-12,RAP,420346,3.028708133971292
2022-12,Scout,270530,3.6961474841257136
2022-12,Subversive,74505,21.46031480241125
2022-12,WebTools,312127,1.6524183917197452
2022-12,Window Builder,478019,1.1747902406712298
2022-12,m2e,72660,5.9825306320514375
2023-03,BIRT,961667,29.369293162123668
2023-03,CDT,938750,12.560314114840214
2023-03,CVS,160038,9.83400736403694
2023-03,DataTools,560173,0.029733181947204
2023-03,EGit,129887,10.713483146067416
2023-03,EMF,686371,12.043189185207014
2023-03,EclipseLink,2441332,0.5938427896499773
2023-03,GEF,83056,13.953599423371475
2023-03,GMF Runtime,129593,0.0007732864674868
2023-03,JDT,1512906,16.477212074102862
2023-03,Mylyn,305230,0.3829837309876143
2023-03,PDE,359062,11.144869442484122
2023-03,PTP,124832,4.918270197787463
2023-03,RAP,420396,3.028622166509976
2023-03,Scout,277248,3.6698672911787664
2023-03,Subversive,74505,21.46031480241125
2023-03,WebTools,312193,1.6570468963801468
2023-03,Window Builder,478027,1.1769982336056524
2023-03,m2e,73707,6.109384339509862
2023-06,BIRT,962852,29.337641620002604
2023-06,CDT,939844,12.541454292888815
2023-06,CVS,67747,13.066158536585366
2023-06,DataTools,559067,0.516864726392941
2023-06,EGit,129932,10.722545031958164
2023-06,EMF,686295,12.044810756054884
2023-06,EclipseLink,2441387,0.5909067639810149
2023-06,GEF,84990,13.932309593151532
2023-06,GMF Runtime,129495,0.0269414743950478
2023-06,JDT,1516760,16.494987646975126
2023-06,Mylyn,306927,0.3915334621464957
2023-06,PDE,358449,11.219650408796166
2023-06,PTP,124832,4.918270197787463
2023-06,RAP,420430,3.0297693657558287
2023-06,Scout,279633,3.661278244028405
2023-06,Subversive,74510,21.465170797052917
2023-06,WebTools,312621,1.6738465365004354
2023-06,Window Builder,474344,1.272537504522809
2023-06,m2e,74588,6.16952764295016
2023-09,BIRT,963126,29.34402569639621
2023-09,CDT,940378,12.543450397334016
2023-09,CVS,67747,13.066158536585366
2023-09,DataTools,559067,0.516864726392941
2023-09,EGit,130098,10.74080526519551
2023-09,EMF,686311,12.04694636805658
2023-09,EclipseLink,2468836,0.626771762680459
2023-09,GEF,88847,15.29107898448519
2023-09,GMF Runtime,129515,0.0403827212607288
2023-09,JDT,1520382,16.521692520310502
2023-09,Mylyn,303233,0.4037702241353718
2023-09,PDE,358701,11.25638426668919
2023-09,PTP,124832,4.918270197787463
2023-09,RAP,420428,3.029811147321801
2023-09,Scout,280921,3.656672666495243
2023-09,Subversive,74510,21.465170797052917
2023-09,WebTools,320192,2.183007186015864
2023-09,Window Builder,480225,25.89964843200675
2023-09,m2e,75161,6.1995531514581375
2023-12,BIRT,963458,29.334439600008675
2023-12,CDT,940421,12.543796127185534
2023-12,CVS,67747,13.066158536585366
2023-12,DataTools,562792,0.5141455322002788
2023-12,EGit,130203,10.7624806501548
2023-12,EMF,686322,12.047185796375423
2023-12,EclipseLink,2475519,0.6577216608100341
2023-12,GEF,89101,15.63674045330276
2023-12,GMF Runtime,129542,0.0460077383046078
2023-12,JDT,1522122,16.677487032293772
2023-12,Mylyn,294149,0.3435254548234215
2023-12,PDE,360414,11.304370957354465
2023-12,PTP,124832,4.918270197787463
2023-12,RAP,420427,3.0315862040151247
2023-12,Scout,282489,3.658526606489887
2023-12,Subversive,74524,21.454728033472804
2023-12,WebTools,320192,2.183007186015864
2023-12,Window Builder,480366,26.017105337316124
2023-12,m2e,75185,6.219165196942975
2024-03,BIRT,963512,29.34295010845987
2024-03,CDT,940997,12.527622747014696
2024-03,CVS,67747,13.066158536585366
2024-03,DataTools,562782,0.5145691039692204
2024-03,EGit,130409,10.74857529218584
2024-03,EMF,686406,12.046850828729282
2024-03,EclipseLink,2475461,0.6637819393516093
2024-03,GEF,90552,16.664747054133073
2024-03,GMF Runtime,129542,0.0461484347520225
2024-03,JDT,1532903,16.829611439388124
2024-03,Mylyn,290378,2.0448172335881645
2024-03,PDE,365374,9.88207586149905
2024-03,PTP,124832,4.918270197787463
2024-03,RAP,420479,3.0316018129790923
2024-03,Scout,284955,3.620605048818738
2024-03,Subversive,74524,21.454728033472804
2024-03,WebTools,320202,2.1830975409632263
2024-03,Window Builder,424514,26.21941647634059
2024-03,m2e,75532,6.2591855838989
2024-06,BIRT,964046,29.34263596148842
2024-06,CDT,941855,12.515718443186543
2024-06,CVS,67747,13.066158536585366
2024-06,DataTools,562782,0.5145691039692204
2024-06,EGit,130525,10.699277108433735
2024-06,EMF,689918,12.342123678685867
2024-06,EclipseLink,2477236,0.7923720970744825
2024-06,GEF,91720,16.691916980471145
2024-06,GMF Runtime,129568,0.0501547552054023
2024-06,JDT,1544693,16.891359310879317
2024-06,Mylyn,290283,2.113649025069638
2024-06,PDE,369478,9.814297385620916
2024-06,PTP,124832,4.918270197787463
2024-06,RAP,420479,3.0316018129790923
2024-06,Scout,287276,3.6012182283050085
2024-06,Subversive,74524,21.454728033472804
2024-06,WebTools,320203,2.185310425420821
2024-06,Window Builder,424328,26.215871789920836
2024-06,m2e,75558,6.262868507253159
2024-09,BIRT,961212,29.35109952761036
2024-09,CDT,942056,12.513318765655812
2024-09,CVS,67747,13.066158536585366
2024-09,DataTools,562782,0.5145691039692204
2024-09,EGit,130544,10.734491075735647
2024-09,EMF,689901,12.343836322787377
2024-09,EclipseLink,2478251,0.8311966742120843
2024-09,GEF,91914,16.659257962898145
2024-09,GMF Runtime,129568,0.0501547552054023
2024-09,JDT,1558094,16.737923843264362
2024-09,Mylyn,290377,2.1440106422472467
2024-09,PDE,368888,9.869445654541494
2024-09,PTP,124832,4.918270197787463
2024-09,RAP,444245,2.9019033383158943
2024-09,Scout,287321,3.633767145615487
2024-09,Subversive,74524,21.454728033472804
2024-09,WebTools,320240,2.186727666028494
2024-09,Window Builder,420601,26.42541292755885
2024-09,m2e,75870,6.251021122651418
2024-12,BIRT,962197,29.336823715792445
2024-12,CDT,942254,12.51217588694809
2024-12,CVS,67747,13.066158536585366
2024-12,DataTools,562820,0.5145141082426018
2024-12,EGit,130562,10.73503861003861
2024-12,EMF,689985,12.348961402474956
2024-12,EclipseLink,2478469,0.8312222512405327
2024-12,GEF,96629,16.603361344537817
2024-12,GMF Runtime,129568,0.0501547552054023
2024-12,JDT,1563475,16.595744413758474
2024-12,Mylyn,290377,2.1440106422472467
2024-12,PDE,368742,9.90856645259606
2024-12,PTP,124832,4.918270197787463
2024-12,RAP,444655,2.9038457708470253
2024-12,Scout,290627,3.629896677321044
2024-12,Subversive,74551,21.449054709720595
2024-12,WebTools,320240,2.186727666028494
2024-12,Window Builder,420342,26.393576908074373
2024-12,m2e,76150,6.24967974845697
2025-03,BIRT,962992,29.33314535457493
2025-03,CDT,942697,12.503264562719012
2025-03,CVS,67747,13.066158536585366
2025-03,DataTools,562820,0.5145494009070215
2025-03,EGit,130599,10.758321273516644
2025-03,EMF,689993,12.349366529169124
2025-03,EclipseLink,2482206,0.8343800024627509
2025-03,GEF,97218,16.771048002010556
2025-03,GMF Runtime,129579,0.0528981429375351
2025-03,JDT,1541759,17.00755199839426
2025-03,Mylyn,290446,2.1461981067871063
2025-03,PDE,369274,9.914208095626188
2025-03,PTP,124832,4.918270197787463
2025-03,RAP,444779,2.9035161071954763
2025-03,Scout,291423,3.69007162262287
2025-03,Subversive,74551,21.449054709720595
2025-03,WebTools,320244,2.188269225987717
2025-03,Window Builder,418883,26.53781732530751
2025-03,m2e,76642,6.2455916473317865
2025-06,BIRT,963888,29.317020838525806
2025-06,CDT,936092,12.604169360051714
2025-06,CVS,67747,13.066158536585366
2025-06,DataTools,562820,0.5145494009070215
2025-06,EGit,130647,10.775612579587111
2025-06,EMF,690177,12.340769782980836
2025-06,EclipseLink,2482446,0.8474302517600023
2025-06,GEF,97445,16.726014837042595
2025-06,GMF Runtime,129588,0.0535978054441865
2025-06,JDT,1535947,17.287758008895995
2025-06,Mylyn,290467,2.1489203736930027
2025-06,PDE,377564,10.385621621621622
2025-06,PTP,124832,4.918270197787463
2025-06,RAP,445381,2.905640516385303
2025-06,Scout,295549,3.659751742900867
2025-06,Subversive,74549,21.451731637945457
2025-06,WebTools,320258,2.1888162311345383
2025-06,Window Builder,418930,27.088988309058845
2025-06,m2e,76768,6.246899269734555
2025-09,BIRT,963980,29.319852622453404
2025-09,CDT,933027,12.630408231644708
2025-09,CVS,67747,13.066158536585366
2025-09,DataTools,562820,0.5145494009070215
2025-09,EGit,130865,10.779853620955317
2025-09,EMF,690417,12.33435131356244
2025-09,EclipseLink,2484134,0.8655491379684718
2025-09,GEF,97716,16.708426919557443
2025-09,GMF Runtime,129586,0.0537384820988956
2025-09,JDT,1540322,17.321830055584634
2025-09,Mylyn,285082,2.197698185591648
2025-09,PDE,378763,10.372038489528585
2025-09,PTP,124832,4.918270197787463
2025-09,RAP,447196,2.8931996598841234
2025-09,Scout,292873,3.614232942730631
2025-09,Subversive,74549,21.451731637945457
2025-09,WebTools,320258,2.1888659588751587
2025-09,Window Builder,418376,27.24621422730989
2025-09,m2e,76856,6.251071718225003
2025-12,BIRT,964207,29.316306078892342
2025-12,CDT,925560,12.772931821657163
2025-12,CVS,67747,13.066158536585366
2025-12,DataTools,562820,0.5145494009070215
2025-12,EGit,130840,10.789402697495182
2025-12,EMF,690427,12.336007064537494
2025-12,EclipseLink,2484855,0.8782319866270109
2025-12,GEF,99374,16.431944444444444
2025-12,GMF Runtime,129593,0.0540160360106906
2025-12,JDT,1545473,17.31631600531895
2025-12,Mylyn,285606,2.2442999811569626
2025-12,PDE,379217,10.38988664207437
2025-12,PTP,124832,4.918270197787463
2025-12,RAP,447201,2.8933860603064754
2025-12,Scout,294638,3.6094540677306335
2025-12,Subversive,74549,21.451731637945457
2025-12,WebTools,320258,2.1888659588751587
2025-12,Window Builder,418237,27.67481774494099
2025-12,m2e,77128,6.212180746561886
2026-03,BIRT,961263,29.33759596355016
2026-03,CDT,925562,12.772953666688512
2026-03,CVS,67747,13.066158536585366
2026-03,DataTools,562820,0.5145494009070215
2026-03,EGit,130867,10.80061645155076
2026-03,EMF,690606,12.34548163956141
2026-03,EclipseLink,2484737,0.8993177828848555
2026-03,GEF,99979,16.546432062561095
2026-03,GMF Runtime,129593,0.0540160360106906
2026-03,JDT,1550632,17.299181953396133
2026-03,Mylyn,286068,2.302490656113572
2026-03,PDE,379457,10.399257045950092
2026-03,PTP,124832,4.918270197787463
2026-03,RAP,447184,2.894395443578689
2026-03,Scout,297157,3.599956545880308
2026-03,Subversive,74549,21.451731637945457
2026-03,WebTools,320258,2.1888659588751587
2026-03,Window Builder,417562,28.258415938757484
2026-03,m2e,77255,6.221413721413722
JunoSR0,BIRT,1128406,9.969648990045986
JunoSR0,CDT,836258,7.3916466554364835
JunoSR0,CVS,158885,4.9354289071680375
JunoSR0,DataTools,0,0.0
JunoSR0,EGit,68910,7.565069107880094
JunoSR0,EMF,562284,11.342296623388036
JunoSR0,EclipseLink,1092147,2.243909878237697
JunoSR0,GEF,18720,1.5255767301905716
JunoSR0,GMF Runtime,128228,4.039923279107764
JunoSR0,JDT,1068159,21.94558179911021
JunoSR0,Mylyn,2220,6.274336283185841
JunoSR0,PDE,0,0.0
JunoSR0,PTP,198510,6.635385147402092
JunoSR0,RAP,348509,2.2638213623377275
JunoSR0,Scout,193483,2.1948634673731893
JunoSR0,Subversive,57573,3.65106701609884
JunoSR0,WebTools,33996,0.2457067371202113
JunoSR0,Window Builder,487648,0.3422715035850414
JunoSR0,m2e,1902,0.939622641509434
JunoSR1,BIRT,1134268,9.976925931079265
JunoSR1,CDT,1035141,6.758479146978245
JunoSR1,CVS,158894,4.941397754658203
JunoSR1,DataTools,203,7.384615384615385
JunoSR1,EGit,70117,7.55891132572432
JunoSR1,EMF,615646,10.84703113685735
JunoSR1,EclipseLink,1177992,2.583652337161379
JunoSR1,GEF,18970,1.5453644025780862
JunoSR1,GMF Runtime,128259,4.011280595956013
JunoSR1,JDT,1069704,21.93339958442497
JunoSR1,Mylyn,52922,2.280327868852459
JunoSR1,PDE,269982,6.765765139400681
JunoSR1,PTP,206819,6.532001526911821
JunoSR1,RAP,350527,2.3165288432798645
JunoSR1,Scout,196612,2.205800989186017
JunoSR1,Subversive,57602,3.659494855004677
JunoSR1,WebTools,222537,1.07919294751208
JunoSR1,Window Builder,487714,0.3432744329841955
JunoSR1,m2e,64404,2.312386284114765
JunoSR2,BIRT,1139676,10.032532151185611
JunoSR2,CDT,1052170,6.806489525743729
JunoSR2,CVS,158940,4.951860342091342
JunoSR2,DataTools,27632,6.957236842105263
JunoSR2,EGit,72866,7.789553752535497
JunoSR2,EMF,633340,12.010477597242735
JunoSR2,EclipseLink,1188360,2.7268310857209648
JunoSR2,GEF,87320,12.236670536750916
JunoSR2,GMF Runtime,128267,4.013126152972896
JunoSR2,JDT,1132529,21.17064096352184
JunoSR2,Mylyn,71210,2.051779197080292
JunoSR2,PDE,294124,6.972724897105899
JunoSR2,PTP,208898,6.631352718078382
JunoSR2,RAP,356559,2.899797720657161
JunoSR2,Scout,200364,2.339483394833948
JunoSR2,Subversive,57551,3.6810780460415495
JunoSR2,WebTools,223679,1.1391387349021624
JunoSR2,Window Builder,487950,0.2863041798758558
JunoSR2,m2e,64072,7.452761725574519
KeplerPostRC4,BIRT,1182690,9.827162962222443
KeplerPostRC4,CDT,1062630,7.0725152082576415
KeplerPostRC4,CVS,160123,4.963687478036781
KeplerPostRC4,DataTools,27632,6.957236842105263
KeplerPostRC4,EGit,74113,8.009311606252078
KeplerPostRC4,EMF,642216,12.406168362771474
KeplerPostRC4,EclipseLink,1226937,2.7377241613395937
KeplerPostRC4,GEF,87320,12.236670536750916
KeplerPostRC4,GMF Runtime,128247,4.015893287923939
KeplerPostRC4,JDT,1130778,21.30596717447443
KeplerPostRC4,Mylyn,89842,2.1343717001055964
KeplerPostRC4,PDE,297047,7.284047704156241
KeplerPostRC4,PTP,185965,3.773801419819119
KeplerPostRC4,RAP,361443,3.0741800892683875
KeplerPostRC4,Scout,213703,2.6608789597561446
KeplerPostRC4,Subversive,58505,3.876158694846125
KeplerPostRC4,WebTools,228352,1.2905490097768864
KeplerPostRC4,Window Builder,487965,0.28697389451252
KeplerPostRC4,m2e,64285,7.4963240208528275
KeplerSR0,BIRT,1185500,9.83891709718188
KeplerSR0,CDT,1064092,7.072220930773165
KeplerSR0,CVS,160172,4.965042745052114
KeplerSR0,DataTools,28250,7.212093023255814
KeplerSR0,EGit,74529,8.098175787728026
KeplerSR0,EMF,642350,12.409083820662769
KeplerSR0,EclipseLink,1230184,2.788229734590672
KeplerSR0,GEF,87320,12.236670536750916
KeplerSR0,GMF Runtime,128247,4.015893287923939
KeplerSR0,JDT,1132161,21.314462902974345
KeplerSR0,Mylyn,92617,2.140279196458972
KeplerSR0,PDE,295241,7.383482084263027
KeplerSR0,PTP,185379,3.7988987428125913
KeplerSR0,RAP,361697,3.0913846973623658
KeplerSR0,Scout,214361,2.6636521069847987
KeplerSR0,Subversive,58524,3.8954587581093607
KeplerSR0,WebTools,227129,1.4276736335559863
KeplerSR0,Window Builder,487983,0.2872326256626089
KeplerSR0,m2e,64500,7.569413017436443
KeplerSR1,BIRT,1189898,9.861882664898909
KeplerSR1,CDT,1066796,7.106480451072038
KeplerSR1,CVS,160178,4.970195573252138
KeplerSR1,DataTools,28318,7.279944289693593
KeplerSR1,EGit,75752,8.299755501222494
KeplerSR1,EMF,643259,12.52690705190608
KeplerSR1,EclipseLink,1242157,2.793646167298164
KeplerSR1,GEF,87320,12.236670536750916
KeplerSR1,GMF Runtime,128247,4.015893287923939
KeplerSR1,JDT,1132633,21.313487115544472
KeplerSR1,Mylyn,101410,2.451640359021974
KeplerSR1,PDE,295503,8.96059370412657
KeplerSR1,PTP,183595,3.8625571449638696
KeplerSR1,RAP,366127,2.996828273674672
KeplerSR1,Scout,215416,2.6742870250019117
KeplerSR1,Subversive,58546,3.897516679021497
KeplerSR1,WebTools,270211,1.4670910326926645
KeplerSR1,Window Builder,487994,0.2881572638644717
KeplerSR1,m2e,64620,7.576151905457443
LunaRC4,BIRT,1199008,9.92905123589586
LunaRC4,CDT,1087435,7.133895505046837
LunaRC4,CVS,160532,4.973267037145364
LunaRC4,DataTools,28318,7.279944289693593
LunaRC4,EGit,83613,8.589616450342715
LunaRC4,EMF,653552,13.767709858937794
LunaRC4,EclipseLink,1257275,2.853030760365502
LunaRC4,GEF,87496,12.251962883654532
LunaRC4,GMF Runtime,128281,4.014471164077463
LunaRC4,JDT,1230013,20.893009226401706
LunaRC4,Mylyn,112002,2.6493915232899705
LunaRC4,PDE,328917,9.146085430784124
LunaRC4,PTP,187479,4.38877128836717
LunaRC4,RAP,368727,3.021420996818664
LunaRC4,Scout,246147,3.007002846951798
LunaRC4,Subversive,59470,4.007167800036758
LunaRC4,WebTools,270646,1.4831800506141597
LunaRC4,Window Builder,488015,0.3486495125459485
LunaRC4,m2e,66447,7.615285308546347
LunaSR0,BIRT,1198299,9.918205891724996
LunaSR0,CDT,1086937,7.111982642009605
LunaSR0,CVS,160178,4.970195573252138
LunaSR0,DataTools,28318,7.279944289693593
LunaSR0,EGit,82733,8.405504857226965
LunaSR0,EMF,651585,13.730940058705391
LunaSR0,EclipseLink,1253505,2.87760758771055
LunaSR0,GEF,87332,12.238992587300167
LunaSR0,GMF Runtime,128276,4.011492622020431
LunaSR0,JDT,1225589,20.94604171048587
LunaSR0,Mylyn,105309,2.7093618302227576
LunaSR0,PDE,328917,9.146085430784124
LunaSR0,PTP,187441,4.376299076212471
LunaSR0,RAP,368804,3.0224742948778416
LunaSR0,Scout,239066,3.0230016863406406
LunaSR0,Subversive,59464,4.0056974820805
LunaSR0,WebTools,270253,1.4722531207514522
LunaSR0,Window Builder,487999,0.2884502690320175
LunaSR0,m2e,66434,7.602690118986032
LunaSR2,BIRT,1200868,10.083348859638548
LunaSR2,CDT,1089948,7.227408466508606
LunaSR2,CVS,159797,4.980217199882595
LunaSR2,DataTools,28318,7.279944289693593
LunaSR2,EGit,86404,8.687908032926483
LunaSR2,EMF,653788,14.037239889688156
LunaSR2,EclipseLink,1270159,2.8116127554354784
LunaSR2,GEF,87514,12.25327861539834
LunaSR2,GMF Runtime,129496,3.987560615644107
LunaSR2,JDT,1242205,20.55429492396317
LunaSR2,Mylyn,112968,2.642990654205608
LunaSR2,PDE,328917,9.146085430784124
LunaSR2,PTP,128856,4.866066105848844
LunaSR2,RAP,382379,2.920441163148836
LunaSR2,Scout,204959,0.3760186263096624
LunaSR2,Subversive,59591,4.032648569332356
LunaSR2,WebTools,270820,1.4835784993986492
LunaSR2,Window Builder,488040,0.3493661446681581
LunaSR2,m2e,67336,7.637026612077789
Mars.1,BIRT,1203545,10.203289078293176
Mars.1,CDT,1126980,7.0775233085466125
Mars.1,CVS,159797,4.980217199882595
Mars.1,DataTools,28318,7.279944289693593
Mars.1,EGit,91857,9.30220300040546
Mars.1,EMF,654187,14.087624592723978
Mars.1,EclipseLink,1278191,7.497469075793638
Mars.1,GEF,85693,12.074733417675764
Mars.1,GMF Runtime,129498,3.987982289690069
Mars.1,JDT,1251183,20.519085543850743
Mars.1,Mylyn,147386,2.523352771268189
Mars.1,PDE,344692,9.71356236568636
Mars.1,PTP,129243,4.858951533135509
Mars.1,RAP,383848,3.0389305291419624
Mars.1,Scout,213560,0.4403137541043415
Mars.1,Subversive,59579,4.042920029347028
Mars.1,WebTools,271280,1.486592282086056
Mars.1,Window Builder,487951,0.3501691574096273
Mars.1,m2e,67793,7.6659455332145585
Neon,BIRT,1207506,10.304471163288015
Neon,CDT,1101523,7.276850820790977
Neon,CVS,162340,5.423732786404923
Neon,DataTools,28318,7.279944289693593
Neon,EGit,100897,10.082780212899186
Neon,EMF,654791,14.11737387751956
Neon,EclipseLink,1305713,7.423182203083871
Neon,GEF,85909,12.06846716647096
Neon,GMF Runtime,129498,3.976878206479725
Neon,JDT,1275938,20.386367169283385
Neon,Mylyn,245443,4.836049135121584
Neon,PDE,344692,9.71356236568636
Neon,PTP,129327,4.870023727919852
Neon,RAP,386211,3.076171614224042
Neon,Scout,190756,2.373912702766241
Neon,Subversive,59663,4.066568861177333
Neon,WebTools,271340,1.48688792333056
Neon,Window Builder,479311,0.3482792313538161
Neon,m2e,68491,7.726722943177523
Neon.1,BIRT,1208130,10.309010207642643
Neon.1,CDT,1107573,7.281576715325209
Neon.1,CVS,162775,5.591007552251039
Neon.1,DataTools,28318,7.279944289693593
Neon.1,EGit,102789,10.24293645897594
Neon.1,EMF,655022,14.261767596000077
Neon.1,EclipseLink,1308532,7.401733649574777
Neon.1,GEF,85909,12.06846716647096
Neon.1,GMF Runtime,129498,3.976878206479725
Neon.1,JDT,1279259,20.393082151391948
Neon.1,Mylyn,248484,4.838063853158995
Neon.1,PDE,349534,9.920054792923551
Neon.1,PTP,129393,4.874489392541837
Neon.1,RAP,386328,3.0811941095341906
Neon.1,Scout,194414,2.593045148895293
Neon.1,Subversive,67576,0.0103730968713401
Neon.1,WebTools,271340,1.48694955471326
Neon.1,Window Builder,479311,0.3482792313538161
Neon.1,m2e,69822,7.595426452410384
Neon.1a,BIRT,1208195,10.309527704168984
Neon.1a,CDT,1112558,7.259750161800821
Neon.1a,CVS,162882,5.658683686614357
Neon.1a,DataTools,28318,7.279944289693593
Neon.1a,EGit,102599,10.266617247343712
Neon.1a,EMF,655022,14.261767596000077
Neon.1a,EclipseLink,1308582,7.402885333542986
Neon.1a,GEF,85909,12.06846716647096
Neon.1a,GMF Runtime,129498,3.976878206479725
Neon.1a,JDT,1285323,20.34028216791304
Neon.1a,Mylyn,248484,4.838063853158995
Neon.1a,PDE,348523,9.939992404101783
Neon.1a,PTP,129393,4.874489392541837
Neon.1a,RAP,386328,3.0811941095341906
Neon.1a,Scout,195479,2.6273579491103884
Neon.1a,Subversive,67576,0.0103730968713401
Neon.1a,WebTools,271340,1.48694955471326
Neon.1a,Window Builder,479311,0.3482792313538161
Neon.1a,m2e,69822,7.595673671199011
Neon.2,BIRT,1208542,10.305098971049878
Neon.2,CDT,1115053,7.277393172594891
Neon.2,CVS,163117,5.749019378256542
Neon.2,DataTools,28318,7.279944289693593
Neon.2,EGit,103676,10.295376712328768
Neon.2,EMF,655022,14.261767596000077
Neon.2,EclipseLink,1300732,7.456177771907813
Neon.2,GEF,85909,12.06846716647096
Neon.2,GMF Runtime,129498,3.976878206479725
Neon.2,JDT,1299434,19.940028250285508
Neon.2,Mylyn,265067,4.744569682231934
Neon.2,PDE,350974,9.976795580110496
Neon.2,PTP,129393,4.874489392541837
Neon.2,RAP,386346,3.0833870860117
Neon.2,Scout,197790,2.7154468471193103
Neon.2,Subversive,67576,0.0174000334616028
Neon.2,WebTools,271340,1.48694955471326
Neon.2,Window Builder,473836,0.3339574843044388
Neon.2,m2e,69883,7.605214382799951
Neon.3,BIRT,1208782,10.306052614371962
Neon.3,CDT,1117148,7.272181260142524
Neon.3,CVS,163775,5.858965355805244
Neon.3,DataTools,28318,7.279944289693593
Neon.3,EGit,104405,10.544499456587369
Neon.3,EMF,655551,14.376915081992456
Neon.3,EclipseLink,1301262,7.483881392373339
Neon.3,GEF,85909,12.06846716647096
Neon.3,GMF Runtime,129499,3.976948485487385
Neon.3,JDT,1305381,19.89605783045977
Neon.3,Mylyn,275729,4.006218202374223
Neon.3,PDE,350974,9.976795580110496
Neon.3,PTP,129393,4.874489392541837
Neon.3,RAP,386346,3.0833870860117
Neon.3,Scout,203645,2.7456915598762706
Neon.3,Subversive,67579,0.0209135017567341
Neon.3,WebTools,271343,1.487843209762411
Neon.3,Window Builder,473931,0.3364722727022413
Neon.3,m2e,69887,7.609168417150624
Neon.3_respin,BIRT,1208803,10.306343515360222
Neon.3_respin,CDT,1117198,7.273003077954263
Neon.3_respin,CVS,163775,5.858965355805244
Neon.3_respin,DataTools,28318,7.279944289693593
Neon.3_respin,EGit,104116,10.48951048951049
Neon.3_respin,EMF,655573,14.377530987758872
Neon.3_respin,EclipseLink,1303185,7.557152738891268
Neon.3_respin,GEF,85909,12.06846716647096
Neon.3_respin,GMF Runtime,129499,3.976948485487385
Neon.3_respin,JDT,1312353,19.87456590780921
Neon.3_respin,Mylyn,276053,4.006776895805227
Neon.3_respin,PDE,347639,10.451594016218271
Neon.3_respin,PTP,129393,4.874489392541837
Neon.3_respin,RAP,386346,3.0833870860117
Neon.3_respin,Scout,204045,2.7568282909973165
Neon.3_respin,Subversive,67579,0.0209135017567341
Neon.3_respin,WebTools,271343,1.487843209762411
Neon.3_respin,Window Builder,473931,0.3364722727022413
Neon.3_respin,m2e,69887,7.609168417150624
Oxygen,BIRT,1208946,10.323021433786272
Oxygen,CDT,1118115,7.277696484609146
Oxygen,CVS,163844,5.883726373690679
Oxygen,DataTools,28318,7.279944289693593
Oxygen,EGit,106697,10.46919375660134
Oxygen,EMF,655601,14.376087123835912
Oxygen,EclipseLink,1304446,7.570730840370982
Oxygen,GEF,85909,12.06846716647096
Oxygen,GMF Runtime,129499,3.9772296015180255
Oxygen,JDT,1318216,19.856876993973767
Oxygen,Mylyn,281686,4.069768871403984
Oxygen,PDE,350890,10.430850136556453
Oxygen,PTP,129393,4.874489392541837
Oxygen,RAP,413479,2.9526113622376435
Oxygen,Scout,207347,2.7655571635311142
Oxygen,Subversive,67579,0.0209135017567341
Oxygen,WebTools,272688,1.501535532215466
Oxygen,Window Builder,473931,0.3364722727022413
Oxygen,m2e,69896,7.612504633634004
Oxygen.1,BIRT,1209425,10.332116589485151
Oxygen.1,CDT,1121367,7.284836875818257
Oxygen.1,CVS,163844,5.883726373690679
Oxygen.1,DataTools,28318,7.279944289693593
Oxygen.1,EGit,108815,10.425659334331453
Oxygen.1,EMF,657702,14.768227566072524
Oxygen.1,EclipseLink,1304596,7.58574324413263
Oxygen.1,GEF,85909,12.06846716647096
Oxygen.1,GMF Runtime,129499,3.9772296015180255
Oxygen.1,JDT,1330705,19.7631444016349
Oxygen.1,Mylyn,283262,4.071417652633832
Oxygen.1,PDE,351108,10.429720624963698
Oxygen.1,PTP,129392,4.87317169587561
Oxygen.1,RAP,413749,2.981997073729299
Oxygen.1,Scout,204755,3.010894516305338
Oxygen.1,Subversive,67581,0.0212481177848418
Oxygen.1,WebTools,272901,1.5014116491744922
Oxygen.1,Window Builder,473931,0.3364722727022413
Oxygen.1,m2e,69922,7.620583148010872
Oxygen.1a,BIRT,1209421,10.333271588123129
Oxygen.1a,CDT,1122169,7.279862702237673
Oxygen.1a,CVS,161758,6.341685919080623
Oxygen.1a,DataTools,28318,7.279944289693593
Oxygen.1a,EGit,108905,10.436118784530386
Oxygen.1a,EMF,664358,14.654372363470529
Oxygen.1a,EclipseLink,1305102,7.592348137375545
Oxygen.1a,GEF,85909,12.06846716647096
Oxygen.1a,GMF Runtime,129499,3.9772296015180255
Oxygen.1a,JDT,1335300,19.745440496843703
Oxygen.1a,Mylyn,283262,4.071417652633832
Oxygen.1a,PDE,351355,10.445433975400324
Oxygen.1a,PTP,129392,4.87317169587561
Oxygen.1a,RAP,413749,2.981997073729299
Oxygen.1a,Scout,206075,3.0093006488824803
Oxygen.1a,Subversive,67581,0.0212481177848418
Oxygen.1a,WebTools,272901,1.501595777327687
Oxygen.1a,Window Builder,473931,0.3364722727022413
Oxygen.1a,m2e,70110,7.62074913750616
Oxygen.1a_respin,BIRT,1209421,10.333271588123129
Oxygen.1a_respin,CDT,1125181,7.276554370105639
Oxygen.1a_respin,CVS,161758,6.341685919080623
Oxygen.1a_respin,DataTools,28318,7.279944289693593
Oxygen.1a_respin,EGit,108905,10.436118784530386
Oxygen.1a_respin,EMF,664358,14.654372363470529
Oxygen.1a_respin,EclipseLink,1305102,7.592348137375545
Oxygen.1a_respin,GEF,85909,12.06846716647096
Oxygen.1a_respin,GMF Runtime,129499,3.9772296015180255
Oxygen.1a_respin,JDT,1335526,19.74413621189813
Oxygen.1a_respin,Mylyn,283995,4.063103101884265
Oxygen.1a_respin,PDE,351467,10.444766683100838
Oxygen.1a_respin,PTP,129392,4.87317169587561
Oxygen.1a_respin,RAP,413749,2.981997073729299
Oxygen.1a_respin,Scout,206459,3.002912411908529
Oxygen.1a_respin,Subversive,67581,0.0212481177848418
Oxygen.1a_respin,WebTools,272901,1.501595777327687
Oxygen.1a_respin,Window Builder,473931,0.3364722727022413
Oxygen.1a_respin,m2e,70116,7.623875816188247
Oxygen.2,BIRT,1209470,10.33451371788446
Oxygen.2,CDT,1130635,7.266414185486404
Oxygen.2,CVS,161738,6.364632701421801
Oxygen.2,DataTools,28318,7.279944289693593
Oxygen.2,EGit,109050,10.456739055498105
Oxygen.2,EMF,664507,14.663981303794342
Oxygen.2,EclipseLink,1304094,7.607090657712819
Oxygen.2,GEF,85909,12.06846716647096
Oxygen.2,GMF Runtime,129499,3.9772296015180255
Oxygen.2,JDT,1344048,19.79205217214484
Oxygen.2,Mylyn,284346,4.060796836982968
Oxygen.2,PDE,351737,10.56344410876133
Oxygen.2,PTP,129392,4.87317169587561
Oxygen.2,RAP,413734,2.98151014609529
Oxygen.2,Scout,209550,3.029814893316377
Oxygen.2,Subversive,67581,0.0215827338129496
Oxygen.2,WebTools,273275,1.533664611514984
Oxygen.2,Window Builder,473943,0.3371881711547992
Oxygen.2,m2e,70124,7.6251077984477025
Oxygen.2_respin,BIRT,1209478,10.334488281633051
Oxygen.2_respin,CDT,1130852,7.264775929302358
Oxygen.2_respin,CVS,161710,6.38478866559962
Oxygen.2_respin,DataTools,28318,7.279944289693593
Oxygen.2_respin,EGit,109050,10.456739055498105
Oxygen.2_respin,EMF,664633,14.663810627505368
Oxygen.2_respin,EclipseLink,1303840,7.613727943112984
Oxygen.2_respin,GEF,85909,12.06846716647096
Oxygen.2_respin,GMF Runtime,129499,3.9772296015180255
Oxygen.2_respin,JDT,1353131,20.065914437570797
Oxygen.2_respin,Mylyn,284434,4.06003769455253
Oxygen.2_respin,PDE,351314,10.686129266521425
Oxygen.2_respin,PTP,129392,4.87317169587561
Oxygen.2_respin,RAP,413734,2.98151014609529
Oxygen.2_respin,Scout,211061,3.027150113855316
Oxygen.2_respin,Subversive,67581,0.0215827338129496
Oxygen.2_respin,WebTools,292796,1.8774498567335245
Oxygen.2_respin,Window Builder,472842,0.347329507834915
Oxygen.2_respin,m2e,70124,7.6251077984477025
Oxygen.3,BIRT,1209753,10.335461170600986
Oxygen.3,CDT,1135839,7.242688990889492
Oxygen.3,CVS,161686,6.408371376059762
Oxygen.3,DataTools,558324,0.0289094467176658
Oxygen.3,EGit,109333,10.466750745241916
Oxygen.3,EMF,671841,14.912600515997816
Oxygen.3,EclipseLink,1304662,7.6331576280444065
Oxygen.3,GEF,85909,12.06846716647096
Oxygen.3,GMF Runtime,129499,3.9772296015180255
Oxygen.3,JDT,1364966,20.03457477498269
Oxygen.3,Mylyn,284725,4.062889260215707
Oxygen.3,PDE,347075,11.242537855668903
Oxygen.3,PTP,129510,4.857321569660258
Oxygen.3,RAP,413734,2.98151014609529
Oxygen.3,Scout,217767,2.9733788857693737
Oxygen.3,Subversive,67581,0.0215827338129496
Oxygen.3,WebTools,292823,1.8794876937623564
Oxygen.3,Window Builder,474530,0.3465741734797808
Oxygen.3,m2e,70198,7.61483577315783
OxygenPreRienaRemoval_9-8-2016,BIRT,1208130,10.309010207642643
OxygenPreRienaRemoval_9-8-2016,CDT,1102295,7.286337561606205
OxygenPreRienaRemoval_9-8-2016,CVS,162775,5.591007552251039
OxygenPreRienaRemoval_9-8-2016,DataTools,28318,7.279944289693593
OxygenPreRienaRemoval_9-8-2016,EGit,102556,10.237583395107489
OxygenPreRienaRemoval_9-8-2016,EMF,655022,14.261767596000077
OxygenPreRienaRemoval_9-8-2016,EclipseLink,1308466,7.402020718259195
OxygenPreRienaRemoval_9-8-2016,GEF,85909,12.06846716647096
OxygenPreRienaRemoval_9-8-2016,GMF Runtime,129498,3.976878206479725
OxygenPreRienaRemoval_9-8-2016,JDT,1278975,20.39286711984356
OxygenPreRienaRemoval_9-8-2016,Mylyn,245587,4.849790630256612
OxygenPreRienaRemoval_9-8-2016,PDE,349559,9.91302827164092
OxygenPreRienaRemoval_9-8-2016,PTP,129393,4.874489392541837
OxygenPreRienaRemoval_9-8-2016,RAP,386292,3.081651723140588
OxygenPreRienaRemoval_9-8-2016,Scout,193962,2.5636377631528307
OxygenPreRienaRemoval_9-8-2016,Subversive,69626,0.0098631880369074
OxygenPreRienaRemoval_9-8-2016,WebTools,271340,1.48694955471326
OxygenPreRienaRemoval_9-8-2016,Window Builder,479311,0.3482792313538161
OxygenPreRienaRemoval_9-8-2016,m2e,69781,7.596760232471868
Photon.0,BIRT,1210260,10.329240148051383
Photon.0,CDT,1139016,7.240398453349054
Photon.0,CVS,161250,6.54032353990722
Photon.0,DataTools,558713,0.027537288225987
Photon.0,EGit,110596,10.569395422976203
Photon.0,EMF,672659,14.913173540036125
Photon.0,EclipseLink,1316419,8.004685364315003
Photon.0,GEF,85909,12.06846716647096
Photon.0,GMF Runtime,129453,3.987983134223472
Photon.0,JDT,1367566,20.299183978392666
Photon.0,Mylyn,287254,4.078669690098262
Photon.0,PDE,348058,11.360435729847495
Photon.0,PTP,129439,4.859873451094121
Photon.0,RAP,413980,2.986351305527297
Photon.0,Scout,228081,3.1857436160657
Photon.0,Subversive,67581,0.0222519658691651
Photon.0,WebTools,292540,1.872954929658176
Photon.0,Window Builder,474559,0.3473808802884747
Photon.0,m2e,71540,7.728782735208536
PhotonM7,BIRT,1210160,10.330070767555798
PhotonM7,CDT,1137984,7.243970830801285
PhotonM7,CVS,161258,6.539609848935411
PhotonM7,DataTools,558713,0.027537288225987
PhotonM7,EGit,110319,10.524472333143184
PhotonM7,EMF,672627,14.9124160379311
PhotonM7,EclipseLink,1315922,8.006179332106232
PhotonM7,GEF,85909,12.06846716647096
PhotonM7,GMF Runtime,129453,3.98756148981026
PhotonM7,JDT,1366499,20.30213469417092
PhotonM7,Mylyn,284668,4.06402893001489
PhotonM7,PDE,347934,11.361935202673251
PhotonM7,PTP,129439,4.859873451094121
PhotonM7,RAP,413978,2.985927433028145
PhotonM7,Scout,224785,3.0636782435390595
PhotonM7,Subversive,67581,0.0215827338129496
PhotonM7,WebTools,292539,1.8728689722357523
PhotonM7,Window Builder,474559,0.3473808802884747
PhotonM7,m2e,70250,7.612962735210921
PhotonRC4,BIRT,1210260,10.329240148051383
PhotonRC4,CDT,1138662,7.243025434609112
PhotonRC4,CVS,161250,6.54032353990722
PhotonRC4,DataTools,558713,0.027537288225987
PhotonRC4,EGit,110480,10.539049139208757
PhotonRC4,EMF,672659,14.913173540036125
PhotonRC4,EclipseLink,1316419,8.004685364315003
PhotonRC4,GEF,85909,12.06846716647096
PhotonRC4,GMF Runtime,129453,3.987983134223472
PhotonRC4,JDT,1367521,20.298810447375228
PhotonRC4,Mylyn,284668,4.06402893001489
PhotonRC4,PDE,348058,11.3599128540305
PhotonRC4,PTP,129439,4.859873451094121
PhotonRC4,RAP,413980,2.986351305527297
PhotonRC4,Scout,227784,3.185942717698433
PhotonRC4,Subversive,67581,0.0222519658691651
PhotonRC4,WebTools,292540,1.872954929658176
PhotonRC4,Window Builder,474559,0.3473808802884747
PhotonRC4,m2e,71540,7.728782735208536
S201504150911,BIRT,1202427,10.07363688079818
S201504150911,CDT,1112877,7.076901981599434
S201504150911,CVS,159797,4.980217199882595
S201504150911,DataTools,28318,7.279944289693593
S201504150911,EGit,88442,9.442497880757276
S201504150911,EMF,654077,14.082557310042995
S201504150911,EclipseLink,1271758,7.476402013838408
S201504150911,GEF,87514,12.25327861539834
S201504150911,GMF Runtime,129498,3.9878417316747488
S201504150911,JDT,1246081,20.544894450281785
S201504150911,Mylyn,113285,2.70562201784109
S201504150911,PDE,337028,9.07279049892435
S201504150911,PTP,129215,4.854071876030333
S201504150911,RAP,385144,2.9051861493233995
S201504150911,Scout,209832,0.2925683423963304
S201504150911,Subversive,59591,4.032648569332356
S201504150911,WebTools,270879,1.485290489700259
S201504150911,Window Builder,488040,0.3493661446681581
S201504150911,m2e,67383,7.633039253292418
z20140805-2300,BIRT,1198299,9.918205891724996
z20140805-2300,CDT,1086937,7.111982642009605
z20140805-2300,CVS,160178,4.970195573252138
z20140805-2300,DataTools,28318,7.279944289693593
z20140805-2300,EGit,82733,8.405504857226965
z20140805-2300,EMF,651585,13.730940058705391
z20140805-2300,EclipseLink,1253505,2.87760758771055
z20140805-2300,GEF,87332,12.238992587300167
z20140805-2300,GMF Runtime,128276,4.011492622020431
z20140805-2300,JDT,1225589,20.94604171048587
z20140805-2300,Mylyn,105309,2.7093618302227576
z20140805-2300,PDE,328917,9.146085430784124
z20140805-2300,PTP,187441,4.376299076212471
z20140805-2300,RAP,368804,3.0224742948778416
z20140805-2300,Scout,239066,3.0230016863406406
z20140805-2300,Subversive,59464,4.0056974820805
z20140805-2300,WebTools,270253,1.4722531207514522
z20140805-2300,Window Builder,487999,0.2884502690320175
z20140805-2300,m2e,66434,7.602690118986032
z20140806,BIRT,1198299,9.918205891724996
z20140806,CDT,1086937,7.111982642009605
z20140806,CVS,160178,4.970195573252138
z20140806,DataTools,28318,7.279944289693593
z20140806,EGit,82733,8.405504857226965
z20140806,EMF,651585,13.730940058705391
z20140806,EclipseLink,1253505,2.87760758771055
z20140806,GEF,87332,12.238992587300167
z20140806,GMF Runtime,128276,4.011492622020431
z20140806,JDT,1225589,20.94604171048587
z20140806,Mylyn,105309,2.7093618302227576
z20140806,PDE,328917,9.146085430784124
z20140806,PTP,187441,4.376299076212471
z20140806,RAP,368804,3.0224742948778416
z20140806,Scout,239066,3.0230016863406406
z20140806,Subversive,59464,4.0056974820805
z20140806,WebTools,270253,1.4722531207514522
z20140806,Window Builder,487999,0.2884502690320175
z20140806,m2e,66434,7.602690118986032
