release,feature,BOM Count,Normalized BOM Count
JunoSR0,BIRT,106175,100.0
JunoSR0,CDT,147162,100.0
JunoSR0,CVS,38952,100.0
JunoSR0,DataTools,0,0.0
JunoSR0,EclipseLink,252484,100.0
JunoSR0,EGit,7542,100.0
JunoSR0,EMF,63208,100.0
JunoSR0,GEF,3756,16.65927437239422
JunoSR0,GMF Runtime,21043,100.0
JunoSR0,JDT,77516,100.0
JunoSR0,m2e,311,2.9130760584488575
JunoSR0,Mylyn,400,1.0530472554955903
JunoSR0,PDE,624,0.8874603558374695
JunoSR0,PTP,56347,100.0
JunoSR0,RAP,69262,100.0
JunoSR0,Scout,30920,90.6798052671711
JunoSR0,Subversive,10546,57.562360133180505
JunoSR0,WebTools,66322,100.0
JunoSR0,Window Builder,37897,100.0
JunoSR1,BIRT,431,0.40593360018836827
JunoSR1,CDT,39026,26.51907421752898
JunoSR1,CVS,7,0.017970835900595606
JunoSR1,DataTools,13,0.01157469238029097
JunoSR1,EclipseLink,25507,10.10242233171211
JunoSR1,EGit,157,2.0816759480243965
JunoSR1,EMF,4974,7.869257056068853
JunoSR1,GEF,23,0.1020136609598155
JunoSR1,GMF Runtime,35,0.16632609418809105
JunoSR1,JDT,69,0.08901388100521182
JunoSR1,m2e,10676,100.0
JunoSR1,Mylyn,7808,20.555482427273926
JunoSR1,PDE,70313,100.0
JunoSR1,PTP,458,0.8128205583260866
JunoSR1,RAP,291,0.42014380179607863
JunoSR1,Scout,761,2.2318024517567014
JunoSR1,Subversive,4,0.021832869384858903
JunoSR1,WebTools,24696,37.236512771026206
JunoSR1,Window Builder,5,0.013193656489959626
JunoSR2,BIRT,2051,1.931716505768778
JunoSR2,CDT,2284,1.5520310949837595
JunoSR2,CVS,14,0.03594167180119121
JunoSR2,DataTools,2489,2.216108410349556
JunoSR2,EclipseLink,2514,0.9957066586397554
JunoSR2,EGit,337,4.468310792893132
JunoSR2,EMF,1285,2.0329705100620177
JunoSR2,GEF,22546,100.0
JunoSR2,GMF Runtime,0,0.0
JunoSR2,JDT,3137,4.0469064451210075
JunoSR2,m2e,327,3.062944923192207
JunoSR2,Mylyn,8537,22.47466105041464
JunoSR2,PDE,3614,5.139874560892011
JunoSR2,PTP,227,0.4028608444105276
JunoSR2,RAP,5134,7.412433946464151
JunoSR2,Scout,696,2.041175435509414
JunoSR2,Subversive,1,0.005458217346214726
JunoSR2,WebTools,223,0.3362383522812943
JunoSR2,Window Builder,5568,14.69245586721904
KeplerPostRC4,BIRT,5592,5.266776548151637
KeplerPostRC4,CDT,2730,1.8550984629184166
KeplerPostRC4,CVS,75,0.19254467036352432
KeplerPostRC4,DataTools,0,0.0
KeplerPostRC4,EclipseLink,16879,6.685176090366123
KeplerPostRC4,EGit,158,2.09493503049589
KeplerPostRC4,EMF,835,1.3210353119858247
KeplerPostRC4,GEF,0,0.0
KeplerPostRC4,GMF Runtime,2,0.009504348239319489
KeplerPostRC4,JDT,351,0.45280974250477324
KeplerPostRC4,m2e,67,0.6275758711127762
KeplerPostRC4,Mylyn,3544,9.329998683690931
KeplerPostRC4,PDE,457,0.6499509336822494
KeplerPostRC4,PTP,11277,20.01348785205956
KeplerPostRC4,RAP,1717,2.478992809910196
KeplerPostRC4,Scout,3124,9.161827673177312
KeplerPostRC4,Subversive,65,0.3547841275039572
KeplerPostRC4,WebTools,719,1.084104821929375
KeplerPostRC4,Window Builder,3,0.007916193893975777
KeplerSR0,BIRT,319,0.30044737461737697
KeplerSR0,CDT,246,0.16716271863660456
KeplerSR0,CVS,4,0.010269049086054631
KeplerSR0,DataTools,35,0.031162633331552614
KeplerSR0,EclipseLink,587,0.23248997956306144
KeplerSR0,EGit,24,0.31821797931583135
KeplerSR0,EMF,6,0.009492469307682572
KeplerSR0,GEF,0,0.0
KeplerSR0,GMF Runtime,0,0.0
KeplerSR0,JDT,33,0.042571856132927396
KeplerSR0,m2e,57,0.5339078306481828
KeplerSR0,Mylyn,437,1.1504541266289323
KeplerSR0,PDE,38,0.054044060131127954
KeplerSR0,PTP,16,0.028395478020125296
KeplerSR0,RAP,227,0.32774104126360776
KeplerSR0,Scout,75,0.21995424951610065
KeplerSR0,Subversive,2,0.010916434692429451
KeplerSR0,WebTools,27,0.040710473146165674
KeplerSR0,Window Builder,1,0.0026387312979919255
KeplerSR1,BIRT,430,0.4049917588886272
KeplerSR1,CDT,526,0.357429227653878
KeplerSR1,CVS,0,0.0
KeplerSR1,DataTools,5,0.004451804761650373
KeplerSR1,EclipseLink,3072,1.216710761870059
KeplerSR1,EGit,186,2.4661893396976926
KeplerSR1,EMF,62,0.09808884951271991
KeplerSR1,GEF,0,0.0
KeplerSR1,GMF Runtime,0,0.0
KeplerSR1,JDT,18,0.023221012436142215
KeplerSR1,m2e,54,0.5058074185088048
KeplerSR1,Mylyn,2156,5.675924707121232
KeplerSR1,PDE,383,0.5447072376374212
KeplerSR1,PTP,1305,2.3160061760164696
KeplerSR1,RAP,1368,1.9751090063815657
KeplerSR1,Scout,246,0.7214499384128101
KeplerSR1,Subversive,1,0.005458217346214726
KeplerSR1,WebTools,6131,9.244292994783027
KeplerSR1,Window Builder,1,0.0026387312979919255
LunaSR0,BIRT,693,0.6526960207205086
LunaSR0,CDT,3793,2.577431673937565
LunaSR0,CVS,0,0.0
LunaSR0,DataTools,0,0.0
LunaSR0,EclipseLink,1588,0.6289507453937675
LunaSR0,EGit,1009,13.37841421373641
LunaSR0,EMF,871,1.37799012783192
LunaSR0,GEF,0,0.0
LunaSR0,GMF Runtime,18,0.08553913415387539
LunaSR0,JDT,5797,7.4784560606842465
LunaSR0,m2e,642,6.013488197826901
LunaSR0,Mylyn,432,1.1372910359352375
LunaSR0,PDE,2958,4.206903417575697
LunaSR0,PTP,555,0.984968143823096
LunaSR0,RAP,2602,3.75674973289827
LunaSR0,Scout,7010,20.55839052143821
LunaSR0,Subversive,47,0.25653621527209214
LunaSR0,WebTools,5,0.0075389765085491995
LunaSR0,Window Builder,0,0.0
z20140806,BIRT,0,0.0
z20140806,CDT,0,0.0
z20140806,CVS,0,0.0
z20140806,DataTools,0,0.0
z20140806,EclipseLink,0,0.0
z20140806,EGit,0,0.0
z20140806,EMF,0,0.0
z20140806,GEF,0,0.0
z20140806,GMF Runtime,0,0.0
z20140806,JDT,0,0.0
z20140806,m2e,0,0.0
z20140806,Mylyn,0,0.0
z20140806,PDE,0,0.0
z20140806,PTP,0,0.0
z20140806,RAP,0,0.0
z20140806,Scout,0,0.0
z20140806,Subversive,0,0.0
z20140806,WebTools,0,0.0
z20140806,Window Builder,0,0.0
z20140805-2300,BIRT,0,0.0
z20140805-2300,CDT,0,0.0
z20140805-2300,CVS,0,0.0
z20140805-2300,DataTools,0,0.0
z20140805-2300,EclipseLink,0,0.0
z20140805-2300,EGit,0,0.0
z20140805-2300,EMF,0,0.0
z20140805-2300,GEF,0,0.0
z20140805-2300,GMF Runtime,0,0.0
z20140805-2300,JDT,0,0.0
z20140805-2300,m2e,0,0.0
z20140805-2300,Mylyn,0,0.0
z20140805-2300,PDE,0,0.0
z20140805-2300,PTP,0,0.0
z20140805-2300,RAP,0,0.0
z20140805-2300,Scout,0,0.0
z20140805-2300,Subversive,0,0.0
z20140805-2300,WebTools,0,0.0
z20140805-2300,Window Builder,0,0.0
LunaRC4,BIRT,116,0.10925359076995526
LunaRC4,CDT,633,0.43013821502833616
LunaRC4,CVS,17,0.043643458615732184
LunaRC4,DataTools,0,0.0
LunaRC4,EclipseLink,841,0.3330904136499739
LunaRC4,EGit,105,1.3922036595067622
LunaRC4,EMF,155,0.24522212378179975
LunaRC4,GEF,12,0.053224518761642865
LunaRC4,GMF Runtime,1,0.004752174119659744
LunaRC4,JDT,228,0.29413282419113473
LunaRC4,m2e,130,1.217684526039715
LunaRC4,Mylyn,1602,4.217454258259839
LunaRC4,PDE,0,0.0
LunaRC4,PTP,9,0.01597245638632048
LunaRC4,RAP,354,0.5111027691952297
LunaRC4,Scout,2177,6.384538682620682
LunaRC4,Subversive,0,0.0
LunaRC4,WebTools,38,0.057296221464973915
LunaRC4,Window Builder,0,0.0
LunaSR2,BIRT,658,0.6197315752295738
LunaSR2,CDT,1167,0.7930036286541363
LunaSR2,CVS,20,0.051345245430273155
LunaSR2,DataTools,0,0.0
LunaSR2,EclipseLink,2890,1.1446269862644762
LunaSR2,EGit,222,2.94351630867144
LunaSR2,EMF,128,0.20250601189722822
LunaSR2,GEF,1,0.004435376563470239
LunaSR2,GMF Runtime,156,0.7413391626669201
LunaSR2,JDT,1902,2.4536869807523605
LunaSR2,m2e,95,0.8898463844136382
LunaSR2,Mylyn,181,0.4765038831117546
LunaSR2,PDE,0,0.0
LunaSR2,PTP,99,0.17569702024952527
LunaSR2,RAP,2162,3.121480754237533
LunaSR2,Scout,34098,100.0
LunaSR2,Subversive,13,0.07095682550079145
LunaSR2,WebTools,25,0.037694882542746
LunaSR2,Window Builder,6,0.015832387787951555
S201504150911,BIRT,199,0.18742641864845774
S201504150911,CDT,6648,4.517470542667264
S201504150911,CVS,0,0.0
S201504150911,DataTools,0,0.0
S201504150911,EclipseLink,198,0.07842081082365615
S201504150911,EGit,65,0.8618403606470433
S201504150911,EMF,52,0.08226806733324896
S201504150911,GEF,0,0.0
S201504150911,GMF Runtime,0,0.0
S201504150911,JDT,188,0.24253057433304093
S201504150911,m2e,5,0.04683402023229674
S201504150911,Mylyn,50,0.1316309069369488
S201504150911,PDE,1068,1.5189225321064384
S201504150911,PTP,68,0.1206807815855325
S201504150911,RAP,477,0.6886893245935722
S201504150911,Scout,3602,10.563669423426594
S201504150911,Subversive,0,0.0
S201504150911,WebTools,1,0.0015077953017098398
S201504150911,Window Builder,0,0.0
Mars.1,BIRT,459,0.43230515658111607
Mars.1,CDT,2331,1.5839686875688017
Mars.1,CVS,0,0.0
Mars.1,DataTools,0,0.0
Mars.1,EclipseLink,1004,0.3976489599340948
Mars.1,EGit,336,4.455051710421639
Mars.1,EMF,2,0.003164156435894191
Mars.1,GEF,342,1.5168987847068216
Mars.1,GMF Runtime,0,0.0
Mars.1,JDT,248,0.31993394912018164
Mars.1,m2e,107,1.0022480329711503
Mars.1,Mylyn,8763,23.069632749769646
Mars.1,PDE,84,0.11946581713196706
Mars.1,PTP,7,0.012423021633804817
Mars.1,RAP,1325,1.9130259016488116
Mars.1,Scout,1542,4.52225937005103
Mars.1,Subversive,0,0.0
Mars.1,WebTools,16,0.024124724827357436
Mars.1,Window Builder,2,0.005277462595983851
Neon,BIRT,413,0.3889804567930304
Neon,CDT,3627,2.4646308150201817
Neon,CVS,31,0.07958513041692339
Neon,DataTools,123,0.10951439713659918
Neon,EclipseLink,4375,1.7327830674418974
Neon,EGit,878,11.64147440997083
Neon,EMF,27,0.04271611188457157
Neon,GEF,8,0.03548301250776191
Neon,GMF Runtime,9,0.042769567076937694
Neon,JDT,1813,2.338871974818102
Neon,m2e,88,0.8242787560884226
Neon,Mylyn,37985,100.0
Neon,PDE,0,0.0
Neon,PTP,42,0.07453812980282891
Neon,RAP,471,0.6800265657936531
Neon,Scout,32169,94.3427767024459
Neon,Subversive,2,0.010916434692429451
Neon,WebTools,7,0.01055456711196888
Neon,Window Builder,3,0.007916193893975777
OxygenPreRienaRemoval_9-8-2016,BIRT,54,0.05085943018601366
OxygenPreRienaRemoval_9-8-2016,CDT,66,0.04484853426835732
OxygenPreRienaRemoval_9-8-2016,CVS,32,0.08215239268843705
OxygenPreRienaRemoval_9-8-2016,DataTools,0,0.0
OxygenPreRienaRemoval_9-8-2016,EclipseLink,693,0.2744728378827965
OxygenPreRienaRemoval_9-8-2016,EGit,176,2.3335985149827634
OxygenPreRienaRemoval_9-8-2016,EMF,38,0.06011897228198962
OxygenPreRienaRemoval_9-8-2016,GEF,0,0.0
OxygenPreRienaRemoval_9-8-2016,GMF Runtime,0,0.0
OxygenPreRienaRemoval_9-8-2016,JDT,120,0.15480674957428145
OxygenPreRienaRemoval_9-8-2016,m2e,242,2.2667665792431624
OxygenPreRienaRemoval_9-8-2016,Mylyn,260,0.6844807160721338
OxygenPreRienaRemoval_9-8-2016,PDE,680,0.9671042339254476
OxygenPreRienaRemoval_9-8-2016,PTP,7,0.012423021633804817
OxygenPreRienaRemoval_9-8-2016,RAP,9,0.012994138199878722
OxygenPreRienaRemoval_9-8-2016,Scout,1920,5.6308287876121765
OxygenPreRienaRemoval_9-8-2016,Subversive,18321,100.0
OxygenPreRienaRemoval_9-8-2016,WebTools,0,0.0
OxygenPreRienaRemoval_9-8-2016,Window Builder,0,0.0
Neon.1,BIRT,0,0.0
Neon.1,CDT,767,0.5211943300580313
Neon.1,CVS,0,0.0
Neon.1,DataTools,0,0.0
Neon.1,EclipseLink,7,0.002772452907907036
Neon.1,EGit,14,0.18562715460090162
Neon.1,EMF,0,0.0
Neon.1,GEF,0,0.0
Neon.1,GMF Runtime,0,0.0
Neon.1,JDT,9,0.011610506218071108
Neon.1,m2e,3,0.028100412139378046
Neon.1,Mylyn,399,1.0504146373568513
Neon.1,PDE,3,0.00426663632614168
Neon.1,PTP,0,0.0
Neon.1,RAP,7,0.010106551933239005
Neon.1,Scout,69,0.2023579095548126
Neon.1,Subversive,0,0.0
Neon.1,WebTools,0,0.0
Neon.1,Window Builder,0,0.0
Neon.1a,BIRT,5,0.004709206498704968
Neon.1a,CDT,895,0.6081733056087848
Neon.1a,CVS,4,0.010269049086054631
Neon.1a,DataTools,0,0.0
Neon.1a,EclipseLink,24,0.009505552827109836
Neon.1a,EGit,6,0.07955449482895784
Neon.1a,EMF,0,0.0
Neon.1a,GEF,0,0.0
Neon.1a,GMF Runtime,0,0.0
Neon.1a,JDT,602,0.7766138603643119
Neon.1a,m2e,0,0.0
Neon.1a,Mylyn,0,0.0
Neon.1a,PDE,22,0.03128866639170566
Neon.1a,PTP,0,0.0
Neon.1a,RAP,0,0.0
Neon.1a,Scout,159,0.46630300897413335
Neon.1a,Subversive,0,0.0
Neon.1a,WebTools,0,0.0
Neon.1a,Window Builder,0,0.0
Neon.2,BIRT,44,0.04144101718860372
Neon.2,CDT,470,0.31937592585042335
Neon.2,CVS,9,0.02310536044362292
Neon.2,DataTools,0,0.0
Neon.2,EclipseLink,197,0.07802474612252658
Neon.2,EGit,138,1.8297533810660305
Neon.2,EMF,0,0.0
Neon.2,GEF,0,0.0
Neon.2,GMF Runtime,0,0.0
Neon.2,JDT,3695,4.766757830641416
Neon.2,m2e,4,0.03746721618583739
Neon.2,Mylyn,3520,9.266815848361196
Neon.2,PDE,179,0.25457596745978694
Neon.2,PTP,0,0.0
Neon.2,RAP,8,0.011550345066558864
Neon.2,Scout,858,2.5162766144641915
Neon.2,Subversive,0,0.0
Neon.2,WebTools,0,0.0
Neon.2,Window Builder,0,0.0
Neon.3,BIRT,19,0.01789498469507888
Neon.3,CDT,1120,0.7610660360690938
Neon.3,CVS,7,0.017970835900595606
Neon.3,DataTools,0,0.0
Neon.3,EclipseLink,375,0.1485242629235912
Neon.3,EGit,294,3.8981702466189336
Neon.3,EMF,77,0.12182002278192634
Neon.3,GEF,0,0.0
Neon.3,GMF Runtime,0,0.0
Neon.3,JDT,382,0.49280148614479596
Neon.3,m2e,0,0.0
Neon.3,Mylyn,23811,62.685270501513756
Neon.3,PDE,0,0.0
Neon.3,PTP,0,0.0
Neon.3,RAP,0,0.0
Neon.3,Scout,954,2.7978180538448005
Neon.3,Subversive,0,0.0
Neon.3,WebTools,0,0.0
Neon.3,Window Builder,3,0.007916193893975777
Neon.3_respin,BIRT,1,0.0009418412997409936
Neon.3_respin,CDT,4,0.00271809298596105
Neon.3_respin,CVS,0,0.0
Neon.3_respin,DataTools,0,0.0
Neon.3_respin,EclipseLink,390,0.15446523344053487
Neon.3_respin,EGit,33,0.4375497215592681
Neon.3_respin,EMF,0,0.0
Neon.3_respin,GEF,0,0.0
Neon.3_respin,GMF Runtime,0,0.0
Neon.3_respin,JDT,941,1.2139429279116571
Neon.3_respin,m2e,0,0.0
Neon.3_respin,Mylyn,54,0.1421613794919047
Neon.3_respin,PDE,324,0.4607967232233015
Neon.3_respin,PTP,0,0.0
Neon.3_respin,RAP,0,0.0
Neon.3_respin,Scout,113,0.33139773593759164
Neon.3_respin,Subversive,0,0.0
Neon.3_respin,WebTools,0,0.0
Neon.3_respin,Window Builder,0,0.0
Oxygen,BIRT,72,0.06781257358135154
Oxygen,CDT,2681,1.8218018238403935
Oxygen,CVS,5,0.012836311357568289
Oxygen,DataTools,0,0.0
Oxygen,EclipseLink,131,0.05188447584797452
Oxygen,EGit,263,3.4871386900026518
Oxygen,EMF,19,0.03005948614099481
Oxygen,GEF,0,0.0
Oxygen,GMF Runtime,0,0.0
Oxygen,JDT,610,0.7869343103359306
Oxygen,m2e,0,0.0
Oxygen,Mylyn,940,2.474661050414637
Oxygen,PDE,463,0.6584842063345328
Oxygen,PTP,0,0.0
Oxygen,RAP,2193,3.1662383413704482
Oxygen,Scout,506,1.483958003401959
Oxygen,Subversive,0,0.0
Oxygen,WebTools,141,0.21259913754108742
Oxygen,Window Builder,0,0.0
Oxygen.1,BIRT,33,0.03108076289145279
Oxygen.1,CDT,937,0.6367132819613759
Oxygen.1,CVS,0,0.0
Oxygen.1,DataTools,0,0.0
Oxygen.1,EclipseLink,24,0.009505552827109836
Oxygen.1,EGit,203,2.6915937417130733
Oxygen.1,EMF,98,0.15504366535881534
Oxygen.1,GEF,0,0.0
Oxygen.1,GMF Runtime,0,0.0
Oxygen.1,JDT,1265,1.6319211517622167
Oxygen.1,m2e,1,0.009366804046459348
Oxygen.1,Mylyn,4789,12.607608266420955
Oxygen.1,PDE,16,0.022755393739422296
Oxygen.1,PTP,1,0.001774717376257831
Oxygen.1,RAP,41,0.05919551846611418
Oxygen.1,Scout,2371,6.953487008035662
Oxygen.1,Subversive,0,0.0
Oxygen.1,WebTools,24,0.036187087241036156
Oxygen.1,Window Builder,0,0.0
Oxygen.1a,BIRT,0,0.0
Oxygen.1a,CDT,109,0.0740680338674386
Oxygen.1a,CVS,3,0.007701786814540974
Oxygen.1a,DataTools,0,0.0
Oxygen.1a,EclipseLink,34,0.013466199838405602
Oxygen.1a,EGit,7,0.09281357730045081
Oxygen.1a,EMF,564,0.8922921149221618
Oxygen.1a,GEF,0,0.0
Oxygen.1a,GMF Runtime,0,0.0
Oxygen.1a,JDT,531,0.6850198668661954
Oxygen.1a,m2e,35,0.32783814162607716
Oxygen.1a,Mylyn,0,0.0
Oxygen.1a,PDE,127,0.1806209378066645
Oxygen.1a,PTP,0,0.0
Oxygen.1a,RAP,0,0.0
Oxygen.1a,Scout,453,1.328523667077248
Oxygen.1a,Subversive,0,0.0
Oxygen.1a,WebTools,0,0.0
Oxygen.1a,Window Builder,0,0.0
Oxygen.1a_respin,BIRT,0,0.0
Oxygen.1a_respin,CDT,657,0.4464467729441024
Oxygen.1a_respin,CVS,0,0.0
Oxygen.1a_respin,DataTools,0,0.0
Oxygen.1a_respin,EclipseLink,0,0.0
Oxygen.1a_respin,EGit,0,0.0
Oxygen.1a_respin,EMF,0,0.0
Oxygen.1a_respin,GEF,0,0.0
Oxygen.1a_respin,GMF Runtime,0,0.0
Oxygen.1a_respin,JDT,7,0.009030393725166418
Oxygen.1a_respin,m2e,7,0.06556762832521544
Oxygen.1a_respin,Mylyn,144,0.3790970119784125
Oxygen.1a_respin,PDE,12,0.01706654530456672
Oxygen.1a_respin,PTP,0,0.0
Oxygen.1a_respin,RAP,0,0.0
Oxygen.1a_respin,Scout,82,0.24048331280427004
Oxygen.1a_respin,Subversive,0,0.0
Oxygen.1a_respin,WebTools,0,0.0
Oxygen.1a_respin,Window Builder,0,0.0
Oxygen.2,BIRT,3,0.0028255238992229807
Oxygen.2,CDT,506,0.34383876272407277
Oxygen.2,CVS,3,0.007701786814540974
Oxygen.2,DataTools,0,0.0
Oxygen.2,EclipseLink,140,0.05544905815814071
Oxygen.2,EGit,33,0.4375497215592681
Oxygen.2,EMF,11,0.01740286039741805
Oxygen.2,GEF,0,0.0
Oxygen.2,GMF Runtime,0,0.0
Oxygen.2,JDT,269,0.3470251302956809
Oxygen.2,m2e,0,0.0
Oxygen.2,Mylyn,38,0.10003948927208109
Oxygen.2,PDE,112,0.15928775617595609
Oxygen.2,PTP,0,0.0
Oxygen.2,RAP,19,0.027432069533077297
Oxygen.2,Scout,824,2.4165640213502257
Oxygen.2,Subversive,0,0.0
Oxygen.2,WebTools,15,0.022616929525647596
Oxygen.2,Window Builder,0,0.0
Oxygen.2_respin,BIRT,3,0.0028255238992229807
Oxygen.2_respin,CDT,35,0.023783313627159183
Oxygen.2_respin,CVS,0,0.0
Oxygen.2_respin,DataTools,0,0.0
Oxygen.2_respin,EclipseLink,15,0.005940970516943648
Oxygen.2_respin,EGit,0,0.0
Oxygen.2_respin,EMF,6,0.009492469307682572
Oxygen.2_respin,GEF,0,0.0
Oxygen.2_respin,GMF Runtime,0,0.0
Oxygen.2_respin,JDT,13,0.01677073120388049
Oxygen.2_respin,m2e,0,0.0
Oxygen.2_respin,Mylyn,16,0.04212189021982361
Oxygen.2_respin,PDE,66,0.09386599917511698
Oxygen.2_respin,PTP,0,0.0
Oxygen.2_respin,RAP,0,0.0
Oxygen.2_respin,Scout,311,0.9120769546600973
Oxygen.2_respin,Subversive,0,0.0
Oxygen.2_respin,WebTools,7473,11.267754289677633
Oxygen.2_respin,Window Builder,3,0.007916193893975777
Oxygen.3,BIRT,31,0.029197080291970805
Oxygen.3,CDT,458,0.3112216468925402
Oxygen.3,CVS,0,0.0
Oxygen.3,DataTools,112314,100.0
Oxygen.3,EclipseLink,123,0.04871595823893791
Oxygen.3,EGit,40,0.5303632988597189
Oxygen.3,EMF,491,0.7768004050120239
Oxygen.3,GEF,0,0.0
Oxygen.3,GMF Runtime,0,0.0
Oxygen.3,JDT,620,0.7998348728004541
Oxygen.3,m2e,15,0.1405020606968902
Oxygen.3,Mylyn,21,0.055284980913518494
Oxygen.3,PDE,359,0.5105741470282879
Oxygen.3,PTP,12,0.021296608515093973
Oxygen.3,RAP,0,0.0
Oxygen.3,Scout,1905,5.586837937708957
Oxygen.3,Subversive,0,0.0
Oxygen.3,WebTools,1,0.0015077953017098398
Oxygen.3,Window Builder,79,0.2084597725413621
PhotonM7,BIRT,64,0.06027784318342359
PhotonM7,CDT,176,0.11959609138228618
PhotonM7,CVS,0,0.0
PhotonM7,DataTools,67,0.059654183806115
PhotonM7,EclipseLink,1093,0.4328987183346272
PhotonM7,EGit,78,1.0342084327764518
PhotonM7,EMF,48,0.07593975446146058
PhotonM7,GEF,0,0.0
PhotonM7,GMF Runtime,1,0.004752174119659744
PhotonM7,JDT,858,1.1068682594561123
PhotonM7,m2e,2,0.018733608092918696
PhotonM7,Mylyn,33,0.08687639857838621
PhotonM7,PDE,184,0.2616870280033564
PhotonM7,PTP,1,0.001774717376257831
PhotonM7,RAP,24,0.03465103519967659
PhotonM7,Scout,1327,3.891723854771541
PhotonM7,Subversive,0,0.0
PhotonM7,WebTools,92,0.13871716775730528
PhotonM7,Window Builder,2,0.005277462595983851
PhotonRC4,BIRT,11,0.01036025429715093
PhotonRC4,CDT,103,0.06999089438849704
PhotonRC4,CVS,3,0.007701786814540974
PhotonRC4,DataTools,0,0.0
PhotonRC4,EclipseLink,67,0.02653633497568163
PhotonRC4,EGit,9,0.11933174224343676
PhotonRC4,EMF,4,0.006328312871788382
PhotonRC4,GEF,0,0.0
PhotonRC4,GMF Runtime,0,0.0
PhotonRC4,JDT,41,0.052892306104546156
PhotonRC4,m2e,135,1.264518546272012
PhotonRC4,Mylyn,0,0.0
PhotonRC4,PDE,10,0.014222121087138936
PhotonRC4,PTP,0,0.0
PhotonRC4,RAP,0,0.0
PhotonRC4,Scout,1008,2.956185113496393
PhotonRC4,Subversive,0,0.0
PhotonRC4,WebTools,0,0.0
PhotonRC4,Window Builder,0,0.0
Photon.0,BIRT,0,0.0
Photon.0,CDT,70,0.047566627254318365
Photon.0,CVS,0,0.0
Photon.0,DataTools,0,0.0
Photon.0,EclipseLink,0,0.0
Photon.0,EGit,14,0.18562715460090162
Photon.0,EMF,0,0.0
Photon.0,GEF,0,0.0
Photon.0,GMF Runtime,0,0.0
Photon.0,JDT,1,0.0012900562464523454
Photon.0,m2e,0,0.0
Photon.0,Mylyn,229,0.6028695537712254
Photon.0,PDE,0,0.0
Photon.0,PTP,0,0.0
Photon.0,RAP,0,0.0
Photon.0,Scout,43,0.1261071030558977
Photon.0,Subversive,0,0.0
Photon.0,WebTools,0,0.0
Photon.0,Window Builder,0,0.0
2018-09,BIRT,58,0.05462679538497763
2018-09,CDT,165,0.1121213356708933
2018-09,CVS,5,0.012836311357568289
2018-09,DataTools,1,0.0008903609523300746
2018-09,EclipseLink,33715,13.353321398583674
2018-09,EGit,146,1.935826040837974
2018-09,EMF,82,0.12973041387166181
2018-09,GEF,0,0.0
2018-09,GMF Runtime,0,0.0
2018-09,JDT,160,0.20640899943237526
2018-09,m2e,10,0.09366804046459348
2018-09,Mylyn,14,0.03685665394234566
2018-09,PDE,36,0.05119963591370017
2018-09,PTP,0,0.0
2018-09,RAP,36,0.05197655279951489
2018-09,Scout,549,1.6100651064578568
2018-09,Subversive,0,0.0
2018-09,WebTools,1,0.0015077953017098398
2018-09,Window Builder,0,0.0
2018-12,BIRT,17,0.016011302095596893
2018-12,CDT,350,0.23783313627159186
2018-12,CVS,4,0.010269049086054631
2018-12,DataTools,113,0.10061078761329843
2018-12,EclipseLink,162,0.0641624815829914
2018-12,EGit,238,3.1556616282153276
2018-12,EMF,20,0.03164156435894191
2018-12,GEF,0,0.0
2018-12,GMF Runtime,0,0.0
2018-12,JDT,697,0.8991692037772846
2018-12,m2e,9,0.08430123641813413
2018-12,Mylyn,193,0.5080953007766223
2018-12,PDE,147,0.20906517998094237
2018-12,PTP,0,0.0
2018-12,RAP,11,0.015881724466518435
2018-12,Scout,605,1.774297612763212
2018-12,Subversive,0,0.0
2018-12,WebTools,0,0.0
2018-12,Window Builder,1,0.0026387312979919255
2019-03,BIRT,7,0.006592889098186955
2019-03,CDT,72,0.04892567374729889
2019-03,CVS,3,0.007701786814540974
2019-03,DataTools,0,0.0
2019-03,EclipseLink,889,0.35210151930419353
2019-03,EGit,90,1.1933174224343674
2019-03,EMF,132,0.2088343247690166
2019-03,GEF,0,0.0
2019-03,GMF Runtime,0,0.0
2019-03,JDT,692,0.8927189225450229
2019-03,m2e,6,0.05620082427875609
2019-03,Mylyn,40,0.10530472554955903
2019-03,PDE,65,0.09244378706640309
2019-03,PTP,0,0.0
2019-03,RAP,6,0.008662758799919148
2019-03,Scout,1118,3.2787846794533406
2019-03,Subversive,12,0.06549860815457671
2019-03,WebTools,0,0.0
2019-03,Window Builder,63,0.16624007177349132
2019-06,BIRT,1,0.0009418412997409936
2019-06,CDT,418,0.28404071703292966
2019-06,CVS,0,0.0
2019-06,DataTools,0,0.0
2019-06,EclipseLink,166,0.0657467403875097
2019-06,EGit,102,1.352426412092283
2019-06,EMF,17,0.02689532970510062
2019-06,GEF,0,0.0
2019-06,GMF Runtime,0,0.0
2019-06,JDT,392,0.5057020486093194
2019-06,m2e,26,0.24353690520794302
2019-06,Mylyn,4,0.010530472554955903
2019-06,PDE,142,0.2019541194373729
2019-06,PTP,8,0.014197739010062648
2019-06,RAP,0,0.0
2019-06,Scout,1250,3.6659041586016774
2019-06,Subversive,0,0.0
2019-06,WebTools,5288,7.973221555441633
2019-06,Window Builder,0,0.0
2019-09,BIRT,4,0.0037673651989639746
2019-09,CDT,463,0.3146192631249915
2019-09,CVS,10,0.025672622715136578
2019-09,DataTools,0,0.0
2019-09,EclipseLink,303,0.12000760444226169
2019-09,EGit,146,1.935826040837974
2019-09,EMF,744,1.177066194152639
2019-09,GEF,0,0.0
2019-09,GMF Runtime,0,0.0
2019-09,JDT,406,0.5237628360596521
2019-09,m2e,3,0.028100412139378046
2019-09,Mylyn,0,0.0
2019-09,PDE,189,0.2687980885469259
2019-09,PTP,0,0.0
2019-09,RAP,9,0.012994138199878722
2019-09,Scout,1638,4.803800809431638
2019-09,Subversive,0,0.0
2019-09,WebTools,0,0.0
2019-09,Window Builder,0,0.0
2019-12,BIRT,1,0.0009418412997409936
2019-12,CDT,301,0.204536497193569
2019-12,CVS,2,0.0051345245430273155
2019-12,DataTools,0,0.0
2019-12,EclipseLink,235772,93.38096671472252
2019-12,EGit,556,7.3720498541500925
2019-12,EMF,0,0.0
2019-12,GEF,0,0.0
2019-12,GMF Runtime,0,0.0
2019-12,JDT,965,1.2449042778265131
2019-12,m2e,0,0.0
2019-12,Mylyn,31,0.08161116230090824
2019-12,PDE,5,0.007111060543569468
2019-12,PTP,0,0.0
2019-12,RAP,33,0.04764517339955531
2019-12,Scout,525,1.5396797466127046
2019-12,Subversive,0,0.0
2019-12,WebTools,0,0.0
2019-12,Window Builder,1,0.0026387312979919255
2020-03,BIRT,6,0.0056510477984459614
2020-03,CDT,7670,5.211943300580312
2020-03,CVS,4,0.010269049086054631
2020-03,DataTools,0,0.0
2020-03,EclipseLink,1421,0.5628079403051283
2020-03,EGit,131,1.7369398037655792
2020-03,EMF,17,0.02689532970510062
2020-03,GEF,0,0.0
2020-03,GMF Runtime,16,0.07603478591455591
2020-03,JDT,715,0.9223902162134269
2020-03,m2e,42,0.3934057699512926
2020-03,Mylyn,11,0.028958799526128735
2020-03,PDE,183,0.26026481589464256
2020-03,PTP,0,0.0
2020-03,RAP,2,0.002887586266639716
2020-03,Scout,196,0.5748137720687431
2020-03,Subversive,3,0.016374652038644178
2020-03,WebTools,0,0.0
2020-03,Window Builder,1,0.0026387312979919255
2020-06,BIRT,5,0.004709206498704968
2020-06,CDT,714,0.4851795979940474
2020-06,CVS,2,0.0051345245430273155
2020-06,DataTools,0,0.0
2020-06,EclipseLink,243,0.0962437223744871
2020-06,EGit,87,1.1535401750198886
2020-06,EMF,10,0.015820782179470954
2020-06,GEF,0,0.0
2020-06,GMF Runtime,0,0.0
2020-06,JDT,1140,1.4706641209556737
2020-06,m2e,269,2.5196702884975646
2020-06,Mylyn,4,0.010530472554955903
2020-06,PDE,24,0.03413309060913344
2020-06,PTP,0,0.0
2020-06,RAP,109,0.15737345153186452
2020-06,Scout,1093,3.205466596281307
2020-06,Subversive,0,0.0
2020-06,WebTools,0,0.0
2020-06,Window Builder,0,0.0
2020-09,BIRT,0,0.0
2020-09,CDT,545,0.37034016933719305
2020-09,CVS,0,0.0
2020-09,DataTools,1,0.0008903609523300746
2020-09,EclipseLink,4,0.0015842588045183062
2020-09,EGit,18,0.23866348448687352
2020-09,EMF,2262,3.5786609289963294
2020-09,GEF,0,0.0
2020-09,GMF Runtime,0,0.0
2020-09,JDT,2398,3.093554878992724
2020-09,m2e,3,0.028100412139378046
2020-09,Mylyn,0,0.0
2020-09,PDE,24,0.03413309060913344
2020-09,PTP,0,0.0
2020-09,RAP,275,0.39704311166296097
2020-09,Scout,489,1.4341017068449762
2020-09,Subversive,0,0.0
2020-09,WebTools,0,0.0
2020-09,Window Builder,0,0.0
2020-12,BIRT,0,0.0
2020-12,CDT,635,0.4314972615213166
2020-12,CVS,3,0.007701786814540974
2020-12,DataTools,0,0.0
2020-12,EclipseLink,300,0.11881941033887294
2020-12,EGit,13,0.17236807212940866
2020-12,EMF,6,0.009492469307682572
2020-12,GEF,0,0.0
2020-12,GMF Runtime,0,0.0
2020-12,JDT,241,0.31090355539501524
2020-12,m2e,133,1.2457849381790933
2020-12,Mylyn,15,0.03948927208108464
2020-12,PDE,150,0.21333181630708403
2020-12,PTP,0,0.0
2020-12,RAP,3,0.004331379399959574
2020-12,Scout,1429,4.190861634113438
2020-12,Subversive,0,0.0
2020-12,WebTools,0,0.0
2020-12,Window Builder,3,0.007916193893975777
2021-03,BIRT,8,0.007534730397927949
2021-03,CDT,859,0.5837104687351354
2021-03,CVS,0,0.0
2021-03,DataTools,0,0.0
2021-03,EclipseLink,17,0.006733099919202801
2021-03,EGit,252,3.341288782816229
2021-03,EMF,0,0.0
2021-03,GEF,0,0.0
2021-03,GMF Runtime,433,2.0576913938126693
2021-03,JDT,1456,1.878321894834615
2021-03,m2e,82,0.7680779318096665
2021-03,Mylyn,0,0.0
2021-03,PDE,71,0.10097705971868645
2021-03,PTP,0,0.0
2021-03,RAP,13,0.018769310733158153
2021-03,Scout,158,0.463370285647252
2021-03,Subversive,0,0.0
2021-03,WebTools,1,0.0015077953017098398
2021-03,Window Builder,20,0.052774625959838506
2021-06,BIRT,230,0.21662349894042854
2021-06,CDT,223,0.15153368396732853
2021-06,CVS,17,0.043643458615732184
2021-06,DataTools,0,0.0
2021-06,EclipseLink,165,0.06535067568638012
2021-06,EGit,321,4.256165473349244
2021-06,EMF,8,0.012656625743576764
2021-06,GEF,0,0.0
2021-06,GMF Runtime,2,0.009504348239319489
2021-06,JDT,1146,1.4784044584343876
2021-06,m2e,2720,25.477707006369428
2021-06,Mylyn,0,0.0
2021-06,PDE,86,0.12231024134939485
2021-06,PTP,0,0.0
2021-06,RAP,14,0.02021310386647801
2021-06,Scout,859,2.519209337791073
2021-06,Subversive,0,0.0
2021-06,WebTools,4,0.006031181206839359
2021-06,Window Builder,0,0.0
2021-09,BIRT,2,0.0018836825994819873
2021-09,CDT,605,0.41111156412660876
2021-09,CVS,0,0.0
2021-09,DataTools,2,0.0017807219046601492
2021-09,EclipseLink,9295,3.681421396999414
2021-09,EGit,271,3.5932113497745957
2021-09,EMF,0,0.0
2021-09,GEF,0,0.0
2021-09,GMF Runtime,1,0.004752174119659744
2021-09,JDT,1168,1.5067856958563393
2021-09,m2e,98,0.9179467965530161
2021-09,Mylyn,1,0.002632618138738976
2021-09,PDE,14,0.01991096952199451
2021-09,PTP,1,0.001774717376257831
2021-09,RAP,2,0.002887586266639716
2021-09,Scout,73,0.21408880286233797
2021-09,Subversive,0,0.0
2021-09,WebTools,0,0.0
2021-09,Window Builder,0,0.0
2021-12,BIRT,11,0.01036025429715093
2021-12,CDT,196,0.13318655631209142
2021-12,CVS,0,0.0
2021-12,DataTools,0,0.0
2021-12,EclipseLink,145470,57.6155320733195
2021-12,EGit,203,2.6915937417130733
2021-12,EMF,1,0.0015820782179470955
2021-12,GEF,0,0.0
2021-12,GMF Runtime,2,0.009504348239319489
2021-12,JDT,169,0.21801950565044637
2021-12,m2e,19,0.17796927688272762
2021-12,Mylyn,0,0.0
2021-12,PDE,389,0.5532405102897046
2021-12,PTP,0,0.0
2021-12,RAP,37,0.05342034593283474
2021-12,Scout,822,2.410698574696463
2021-12,Subversive,0,0.0
2021-12,WebTools,3,0.0045233859051295195
2021-12,Window Builder,9,0.023748581681927332
2022-03,BIRT,32,0.030138921591711797
2022-03,CDT,5723,3.8889115396637717
2022-03,CVS,0,0.0
2022-03,DataTools,0,0.0
2022-03,EclipseLink,1924,0.7620284849733052
2022-03,EGit,123,1.6308671439936355
2022-03,EMF,4,0.006328312871788382
2022-03,GEF,0,0.0
2022-03,GMF Runtime,1,0.004752174119659744
2022-03,JDT,178,0.22963001186851748
2022-03,m2e,646,6.050955414012739
2022-03,Mylyn,128,0.3369751217585889
2022-03,PDE,364,0.5176852075718573
2022-03,PTP,0,0.0
2022-03,RAP,0,0.0
2022-03,Scout,1208,3.542729778872661
2022-03,Subversive,0,0.0
2022-03,WebTools,0,0.0
2022-03,Window Builder,2,0.005277462595983851
2022-06,BIRT,1,0.0009418412997409936
2022-06,CDT,77,0.052323289979750214
2022-06,CVS,0,0.0
2022-06,DataTools,0,0.0
2022-06,EclipseLink,6991,2.7688883255968695
2022-06,EGit,174,2.307080350039777
2022-06,EMF,1,0.0015820782179470955
2022-06,GEF,0,0.0
2022-06,GMF Runtime,14229,67.6186855486385
2022-06,JDT,462,0.5960059858609835
2022-06,m2e,507,4.748969651554889
2022-06,Mylyn,0,0.0
2022-06,PDE,2091,2.9738455193207516
2022-06,PTP,0,0.0
2022-06,RAP,6,0.008662758799919148
2022-06,Scout,136,0.39885037245586247
2022-06,Subversive,0,0.0
2022-06,WebTools,3,0.0045233859051295195
2022-06,Window Builder,157,0.41428081378473236
2022-09,BIRT,0,0.0
2022-09,CDT,29,0.01970617414821761
2022-09,CVS,0,0.0
2022-09,DataTools,0,0.0
2022-09,EclipseLink,11,0.004356711712425342
2022-09,EGit,5,0.06629541235746486
2022-09,EMF,22,0.0348057207948361
2022-09,GEF,2,0.008870753126940478
2022-09,GMF Runtime,0,0.0
2022-09,JDT,564,0.7275917229991227
2022-09,m2e,184,1.7234919445485202
2022-09,Mylyn,5,0.013163090693694878
2022-09,PDE,79,0.11235475658839758
2022-09,PTP,0,0.0
2022-09,RAP,33,0.04764517339955531
2022-09,Scout,493,1.4458326001525017
2022-09,Subversive,0,0.0
2022-09,WebTools,0,0.0
2022-09,Window Builder,68,0.17943372826345094
2022-12,BIRT,5,0.004709206498704968
2022-12,CDT,239,0.16240605591117271
2022-12,CVS,0,0.0
2022-12,DataTools,0,0.0
2022-12,EclipseLink,3022,1.1969075268135803
2022-12,EGit,37,0.49058605144524
2022-12,EMF,28,0.04429819010251867
2022-12,GEF,56,0.24838108755433336
2022-12,GMF Runtime,0,0.0
2022-12,JDT,10555,13.616543681304504
2022-12,m2e,246,2.3042337954289995
2022-12,Mylyn,12045,31.709885481110966
2022-12,PDE,0,0.0
2022-12,PTP,0,0.0
2022-12,RAP,373,0.538534838728307
2022-12,Scout,227,0.6657281952020646
2022-12,Subversive,0,0.0
2022-12,WebTools,0,0.0
2022-12,Window Builder,1,0.0026387312979919255
2023-03,BIRT,43,0.04049917588886273
2023-03,CDT,164,0.11144181242440304
2023-03,CVS,0,0.0
2023-03,DataTools,0,0.0
2023-03,EclipseLink,17491,6.927567687457422
2023-03,EGit,5,0.06629541235746486
2023-03,EMF,191,0.3021769396278952
2023-03,GEF,46,0.204027321919631
2023-03,GMF Runtime,0,0.0
2023-03,JDT,1035,1.3352082150781774
2023-03,m2e,192,1.798426376920195
2023-03,Mylyn,29377,77.3384230617349
2023-03,PDE,104,0.14791005930624493
2023-03,PTP,0,0.0
2023-03,RAP,4,0.005775172533279432
2023-03,Scout,1540,4.516393923397267
2023-03,Subversive,0,0.0
2023-03,WebTools,3,0.0045233859051295195
2023-03,Window Builder,10,0.026387312979919253
2023-06,BIRT,254,0.23922769013421238
2023-06,CDT,127,0.08629945230426332
2023-06,CVS,0,0.0
2023-06,DataTools,0,0.0
2023-06,EclipseLink,197,0.07802474612252658
2023-06,EGit,2,0.026518164942985947
2023-06,EMF,0,0.0
2023-06,GEF,347,1.5390756675241728
2023-06,GMF Runtime,0,0.0
2023-06,JDT,157,0.2025388306930182
2023-06,m2e,114,1.0678156612963656
2023-06,Mylyn,229,0.6028695537712254
2023-06,PDE,65,0.09244378706640309
2023-06,PTP,0,0.0
2023-06,RAP,3,0.004331379399959574
2023-06,Scout,350,1.0264531644084698
2023-06,Subversive,0,0.0
2023-06,WebTools,10,0.015077953017098399
2023-06,Window Builder,55,0.1451302213895559
2023-09,BIRT,12,0.011302095596891923
2023-09,CDT,61,0.041450918035906004
2023-09,CVS,0,0.0
2023-09,DataTools,0,0.0
2023-09,EclipseLink,760,0.30100917285847817
2023-09,EGit,8,0.10607265977194379
2023-09,EMF,2,0.003164156435894191
2023-09,GEF,89,0.39474851414885126
2023-09,GMF Runtime,1,0.004752174119659744
2023-09,JDT,143,0.18447804324268538
2023-09,m2e,90,0.8430123641813413
2023-09,Mylyn,1219,3.2091615111228116
2023-09,PDE,290,0.4124415115270292
2023-09,PTP,0,0.0
2023-09,RAP,1,0.001443793133319858
2023-09,Scout,182,0.5337556454924042
2023-09,Subversive,0,0.0
2023-09,WebTools,13,0.01960133892222792
2023-09,Window Builder,475,1.2533973665461646
2023-12,BIRT,75,0.07063809748057452
2023-12,CDT,4,0.00271809298596105
2023-12,CVS,0,0.0
2023-12,DataTools,521,0.46387805616396893
2023-12,EclipseLink,932,0.3691323014527653
2023-12,EGit,4,0.05303632988597189
2023-12,EMF,1,0.0015820782179470955
2023-12,GEF,52,0.23063958130045242
2023-12,GMF Runtime,1,0.004752174119659744
2023-12,JDT,1088,1.4035811961401519
2023-12,m2e,1,0.009366804046459348
2023-12,Mylyn,10196,26.842174542582597
2023-12,PDE,501,0.7125282664656607
2023-12,PTP,0,0.0
2023-12,RAP,4,0.005775172533279432
2023-12,Scout,280,0.8211625315267759
2023-12,Subversive,3,0.016374652038644178
2023-12,WebTools,0,0.0
2023-12,Window Builder,239,0.6306567802200702
2024-03,BIRT,8,0.007534730397927949
2024-03,CDT,139,0.09445373126214648
2024-03,CVS,0,0.0
2024-03,DataTools,0,0.0
2024-03,EclipseLink,1,0.00039606470112957655
2024-03,EGit,24,0.31821797931583135
2024-03,EMF,4,0.006328312871788382
2024-03,GEF,29,0.1286259203406369
2024-03,GMF Runtime,0,0.0
2024-03,JDT,864,1.1146085969348263
2024-03,m2e,62,0.5807418508804796
2024-03,Mylyn,3088,8.129524812425958
2024-03,PDE,6161,8.7622488017863
2024-03,PTP,0,0.0
2024-03,RAP,11,0.015881724466518435
2024-03,Scout,605,1.774297612763212
2024-03,Subversive,0,0.0
2024-03,WebTools,2,0.0030155906034196795
2024-03,Window Builder,141,0.3720611130168615
2024-06,BIRT,39,0.03673181068989875
2024-06,CDT,106,0.07202946412796782
2024-06,CVS,0,0.0
2024-06,DataTools,0,0.0
2024-06,EclipseLink,1364,0.5402322523407423
2024-06,EGit,56,0.7425086184036065
2024-06,EMF,2,0.003164156435894191
2024-06,GEF,144,0.6386942251397144
2024-06,GMF Runtime,1,0.004752174119659744
2024-06,JDT,746,0.9623819598534497
2024-06,m2e,2,0.018733608092918696
2024-06,Mylyn,13,0.03422403580360669
2024-06,PDE,554,0.787905508227497
2024-06,PTP,0,0.0
2024-06,RAP,0,0.0
2024-06,Scout,477,1.3989090269224003
2024-06,Subversive,0,0.0
2024-06,WebTools,0,0.0
2024-06,Window Builder,113,0.2981766366730876
2024-09,BIRT,93,0.0875912408759124
2024-09,CDT,22,0.014949511422785772
2024-09,CVS,0,0.0
2024-09,DataTools,0,0.0
2024-09,EclipseLink,125,0.04950808764119706
2024-09,EGit,14,0.18562715460090162
2024-09,EMF,0,0.0
2024-09,GEF,63,0.279428723498625
2024-09,GMF Runtime,0,0.0
2024-09,JDT,1644,2.1208524691676556
2024-09,m2e,21,0.1967028849756463
2024-09,Mylyn,32,0.08424378043964723
2024-09,PDE,122,0.17350987726309502
2024-09,PTP,0,0.0
2024-09,RAP,2320,3.34960006930207
2024-09,Scout,209,0.6129391753182005
2024-09,Subversive,0,0.0
2024-09,WebTools,1,0.0015077953017098398
2024-09,Window Builder,165,0.43539066416866773
2024-12,BIRT,85,0.08005651047798445
2024-12,CDT,27,0.018347127655237088
2024-12,CVS,0,0.0
2024-12,DataTools,8,0.007122887618640597
2024-12,EclipseLink,24,0.009505552827109836
2024-12,EGit,11,0.1458499071864227
2024-12,EMF,2,0.003164156435894191
2024-12,GEF,592,2.6257429255743814
2024-12,GMF Runtime,0,0.0
2024-12,JDT,1994,2.5723721554259766
2024-12,m2e,18,0.16860247283626825
2024-12,Mylyn,0,0.0
2024-12,PDE,73,0.10382148393611425
2024-12,PTP,0,0.0
2024-12,RAP,36,0.05197655279951489
2024-12,Scout,585,1.7156431462255852
2024-12,Subversive,2,0.010916434692429451
2024-12,WebTools,0,0.0
2024-12,Window Builder,130,0.3430350687389503
2025-03,BIRT,65,0.06121968448316459
2025-03,CDT,191,0.12978894007964012
2025-03,CVS,0,0.0
2025-03,DataTools,0,0.0
2025-03,EclipseLink,579,0.2293214619540248
2025-03,EGit,9,0.11933174224343676
2025-03,EMF,0,0.0
2025-03,GEF,75,0.33265324226026793
2025-03,GMF Runtime,0,0.0
2025-03,JDT,308,0.39733732390732235
2025-03,m2e,40,0.37467216185837393
2025-03,Mylyn,3,0.007897854416216928
2025-03,PDE,83,0.11804360502325317
2025-03,PTP,0,0.0
2025-03,RAP,15,0.021656896999797868
2025-03,Scout,207,0.6070737286644378
2025-03,Subversive,0,0.0
2025-03,WebTools,0,0.0
2025-03,Window Builder,128,0.33775760614296646
2025-06,BIRT,75,0.07063809748057452
2025-06,CDT,2,0.001359046492980525
2025-06,CVS,0,0.0
2025-06,DataTools,0,0.0
2025-06,EclipseLink,109,0.04317105242312384
2025-06,EGit,1,0.013259082471492973
2025-06,EMF,35,0.05537273762814834
2025-06,GEF,93,0.4124900204027322
2025-06,GMF Runtime,1,0.004752174119659744
2025-06,JDT,891,1.1494401155890397
2025-06,m2e,7,0.06556762832521544
2025-06,Mylyn,1,0.002632618138738976
2025-06,PDE,377,0.5361739649851379
2025-06,PTP,0,0.0
2025-06,RAP,129,0.18624931419826166
2025-06,Scout,896,2.6277201008856825
2025-06,Subversive,0,0.0
2025-06,WebTools,0,0.0
2025-06,Window Builder,404,1.066047444388738
2025-09,BIRT,4,0.0037673651989639746
2025-09,CDT,38,0.025821883366629973
2025-09,CVS,0,0.0
2025-09,DataTools,0,0.0
2025-09,EclipseLink,220,0.08713423424850684
2025-09,EGit,18,0.23866348448687352
2025-09,EMF,29,0.04588026832046576
2025-09,GEF,36,0.1596735562849286
2025-09,GMF Runtime,1,0.004752174119659744
2025-09,JDT,393,0.5069921048557717
2025-09,m2e,4,0.03746721618583739
2025-09,Mylyn,63,0.16585494274055548
2025-09,PDE,191,0.27164251276435364
2025-09,PTP,0,0.0
2025-09,RAP,221,0.31907828246368863
2025-09,Scout,321,0.9414041879289108
2025-09,Subversive,0,0.0
2025-09,WebTools,0,0.0
2025-09,Window Builder,132,0.3483125313349342
2025-12,BIRT,23,0.021662349894042855
2025-12,CDT,389,0.2643345428847121
2025-12,CVS,0,0.0
2025-12,DataTools,0,0.0
2025-12,EclipseLink,255,0.10099649878804201
2025-12,EGit,7,0.09281357730045081
2025-12,EMF,0,0.0
2025-12,GEF,258,1.1443271533753214
2025-12,GMF Runtime,1,0.004752174119659744
2025-12,JDT,345,0.44506940502605913
2025-12,m2e,151,1.4143874110153616
2025-12,Mylyn,82,0.21587468737659601
2025-12,PDE,97,0.13795457454524768
2025-12,PTP,0,0.0
2025-12,RAP,6,0.008662758799919148
2025-12,Scout,462,1.35491817701918
2025-12,Subversive,0,0.0
2025-12,WebTools,0,0.0
2025-12,Window Builder,137,0.3615061878248938
2026-03,BIRT,355,0.3343536614080528
2026-03,CDT,0,0.0
2026-03,CVS,0,0.0
2026-03,DataTools,0,0.0
2026-03,EclipseLink,5519,2.185881085534133
2026-03,EGit,9,0.11933174224343676
2026-03,EMF,0,0.0
2026-03,GEF,187,0.8294154173689345
2026-03,GMF Runtime,0,0.0
2026-03,JDT,248,0.31993394912018164
2026-03,m2e,6,0.05620082427875609
2026-03,Mylyn,84,0.22113992365407398
2026-03,PDE,28,0.03982193904398902
2026-03,PTP,0,0.0
2026-03,RAP,0,0.0
2026-03,Scout,598,1.7537685494750426
2026-03,Subversive,0,0.0
2026-03,WebTools,0,0.0
2026-03,Window Builder,198,0.5224687970024012
