release,feature,Mean LOC,Normalized Mean LOC
JunoSR0,BIRT,13.137039408580243,98.63381203762411
JunoSR0,CDT,9.99077691361122,55.12404675750867
JunoSR0,CVS,9.335193889541715,0.0
JunoSR0,DataTools,0.0,0.0
JunoSR0,EclipseLink,8.766139324327579,35.86453311618735
JunoSR0,EGit,12.369413031771675,38.04421223810386
JunoSR0,EMF,12.352731826270348,0.0
JunoSR0,GEF,9.388164493480442,99.12585896162676
JunoSR0,GMF Runtime,9.109043119982951,66.51295002312644
JunoSR0,JDT,19.31781025066011,19.240741147819477
JunoSR0,m2e,7.1773584905660375,0.0
JunoSR0,Mylyn,9.823008849557523,100.0
JunoSR0,PDE,0.0,0.0
JunoSR0,PTP,8.580876631797354,31.408849077534096
JunoSR0,RAP,8.734123602826926,54.55107983092184
JunoSR0,Scout,8.268150933720781,100.0
JunoSR0,Subversive,10.77742418569824,0.3588814820787068
JunoSR0,WebTools,8.981770145310437,100.0
JunoSR0,Window Builder,12.998054215422341,0.0412940400048175
JunoSR1,BIRT,13.151848244515561,99.08464948255907
JunoSR1,CDT,9.881353990664108,13.751408446673999
JunoSR1,CVS,9.33956386292835,0.4404803507805144
JunoSR1,DataTools,15.615384615384615,100.0
JunoSR1,EclipseLink,8.638711664539974,13.939406319580389
JunoSR1,EGit,12.312028094820018,26.67656165084552
JunoSR1,EMF,12.383256899187383,8.63789414629188
JunoSR1,GEF,9.40505701536936,100.0
JunoSR1,GMF Runtime,9.099609790705925,13.582784725786343
JunoSR1,JDT,19.327924835125124,20.77181105910373
JunoSR1,m2e,9.013855843247025,100.0
JunoSR1,Mylyn,7.887034277198212,3.319613101172922
JunoSR1,PDE,9.385455051101996,91.854113920098
JunoSR1,PTP,8.772065996522034,59.82621432425127
JunoSR1,RAP,8.730870778120952,53.33536418548655
JunoSR1,Scout,8.24092547573141,97.53261358109968
JunoSR1,Subversive,10.776800748362955,0.3224099330338541
JunoSR1,WebTools,8.20836560805577,36.85446358362295
JunoSR1,Window Builder,12.998427547240212,0.09420730288358943
JunoSR2,BIRT,13.156888550252823,99.2380956123024
JunoSR2,CDT,9.892906841174922,18.11952339708578
JunoSR2,CVS,9.342267677658262,0.7130168527921781
JunoSR2,DataTools,12.984962406015038,83.15493166413572
JunoSR2,EclipseLink,8.68138450973803,21.281670497537036
JunoSR2,EGit,12.316768086544963,27.615528783650067
JunoSR2,EMF,12.473461349089119,34.16368050209932
JunoSR2,GEF,7.7985174600339375,16.86604496810706
JunoSR2,GMF Runtime,9.10082304526749,20.390324524885703
JunoSR2,JDT,19.59799612376272,61.653176513614405
JunoSR2,m2e,8.61067060878914,78.0459670214444
JunoSR2,Mylyn,8.121578467153284,15.032485446440406
JunoSR2,PDE,9.60749983667603,94.02723466048089
JunoSR2,PTP,8.803118415507797,64.44167990406127
JunoSR2,RAP,8.795673195520253,77.55471807494226
JunoSR2,Scout,8.2150061500615,95.18359920749536
JunoSR2,Subversive,10.771289537712896,0.0
JunoSR2,WebTools,8.211718491868277,37.12821378378869
JunoSR2,Window Builder,12.999174148173802,0.20002494170666502
KeplerPostRC4,BIRT,13.1370588823353,98.63440489299852
KeplerPostRC4,CDT,9.899387943321875,20.570018117566455
KeplerPostRC4,CVS,9.378177345671782,4.332604837329228
KeplerPostRC4,DataTools,12.984962406015038,83.15493166413572
KeplerPostRC4,EclipseLink,8.676083328619109,20.36955245034171
KeplerPostRC4,EGit,12.323412038576654,28.931660319673142
KeplerPostRC4,EMF,12.520294771318284,47.416462725540235
KeplerPostRC4,GEF,7.7985174600339375,16.86604496810706
KeplerPostRC4,GMF Runtime,9.099404001702853,12.428107980270566
KeplerPostRC4,JDT,19.597878646077056,61.63539362293926
KeplerPostRC4,m2e,8.593102526400214,77.08935892379154
KeplerPostRC4,Mylyn,7.905843013023583,4.258900157231024
KeplerPostRC4,PDE,9.652845026484256,94.47102158479035
KeplerPostRC4,PTP,9.04235145385588,100.0
KeplerPostRC4,RAP,8.767780904327577,67.13021080663053
KeplerPostRC4,Scout,8.245668865995293,97.96249713792426
KeplerPostRC4,Subversive,10.846310715609937,4.388794854293016
KeplerPostRC4,WebTools,8.177917845503707,34.36851967404461
KeplerPostRC4,Window Builder,12.998534896110815,0.10942212985004696
KeplerSR0,BIRT,13.142724108112903,98.80687597213736
KeplerSR0,CDT,9.89438839555535,18.679696822071882
KeplerSR0,CVS,9.37884998243354,4.40040462706551
KeplerSR0,DataTools,13.13953488372093,84.14480467407492
KeplerSR0,EclipseLink,8.676649198411635,20.46691566781098
KeplerSR0,EGit,12.359701492537313,36.120408004012354
KeplerSR0,EMF,12.521442495126706,47.7412421877639
KeplerSR0,GEF,7.7985174600339375,16.86604496810706
KeplerSR0,GMF Runtime,9.099404001702853,12.428107980270566
KeplerSR0,JDT,19.61233045195489,63.82299957153804
KeplerSR0,m2e,8.585119126846799,76.65465099776262
KeplerSR0,Mylyn,7.883639768471229,3.1500951634160423
KeplerSR0,PDE,9.687655860349127,94.81171026552747
KeplerSR0,PTP,9.033183900204659,98.63738382675854
KeplerSR0,RAP,8.760554169593334,64.42927999234692
KeplerSR0,Scout,8.249413122955552,98.30183132933519
KeplerSR0,Subversive,10.847822057460611,4.477209479646165
KeplerSR0,WebTools,8.156611362493715,32.62892644177818
KeplerSR0,Window Builder,12.998668122852347,0.12830469292056135
KeplerSR1,BIRT,13.146591536846758,98.92461525268953
KeplerSR1,CDT,9.89313005415832,18.203919881658543
KeplerSR1,CVS,9.379201311628997,4.435817567502999
KeplerSR1,DataTools,13.146703806870939,84.19071403414887
KeplerSR1,EclipseLink,8.619984455455164,10.717213944585758
KeplerSR1,EGit,12.347514262428687,33.706182584228586
KeplerSR1,EMF,12.524025544176629,48.4721857084741
KeplerSR1,GEF,7.7985174600339375,16.86604496810706
KeplerSR1,GMF Runtime,9.099404001702853,12.428107980270566
KeplerSR1,JDT,19.614730534774175,64.18630610201475
KeplerSR1,m2e,8.5805337936529,76.4049728162393
KeplerSR1,Mylyn,7.846641906530486,1.3024636614685239
KeplerSR1,PDE,9.639634643614418,94.34173344623474
KeplerSR1,PTP,9.024971734749053,97.41677144826949
KeplerSR1,RAP,8.731237927169532,53.472583028465095
KeplerSR1,Scout,8.235186176313174,97.01247285677881
KeplerSR1,Subversive,10.849888806523351,4.598115841102079
KeplerSR1,WebTools,8.349638464866201,48.38885457133872
KeplerSR1,Window Builder,12.998614884662512,0.12075910961075814
LunaSR0,BIRT,13.166818666285751,99.54040621657589
LunaSR0,CDT,9.867699793919256,8.588777727854827
LunaSR0,CVS,9.379201311628997,4.435817567502999
LunaSR0,DataTools,13.146703806870939,84.19071403414887
LunaSR0,EclipseLink,8.621494845006293,10.97709066582482
LunaSR0,EGit,12.177362378569326,0.0
LunaSR0,EMF,12.582747566816005,65.08916863898875
LunaSR0,GEF,7.799589175672055,16.92150327249199
LunaSR0,GMF Runtime,9.10017026106697,16.727569348813258
LunaSR0,JDT,19.82929118061061,96.66488691985779
LunaSR0,m2e,8.592084842214176,77.03394451306272
LunaSR0,Mylyn,7.9251204093919325,5.221591592285764
LunaSR0,PDE,9.95029646660213,97.38213652993905
LunaSR0,PTP,9.018523864511163,96.45839448061008
LunaSR0,RAP,8.697387038958588,40.8211006616653
LunaSR0,Scout,8.062934232715008,81.40163881941447
LunaSR0,Subversive,10.928873368866018,9.218771641172584
LunaSR0,WebTools,8.350420219997527,48.45268190197358
LunaSR0,Window Builder,12.998748068829578,0.13963563849442778
z20140806,BIRT,13.166818666285751,99.54040621657589
z20140806,CDT,9.867699793919256,8.588777727854827
z20140806,CVS,9.379201311628997,4.435817567502999
z20140806,DataTools,13.146703806870939,84.19071403414887
z20140806,EclipseLink,8.621494845006293,10.97709066582482
z20140806,EGit,12.177362378569326,0.0
z20140806,EMF,12.582747566816005,65.08916863898875
z20140806,GEF,7.799589175672055,16.92150327249199
z20140806,GMF Runtime,9.10017026106697,16.727569348813258
z20140806,JDT,19.82929118061061,96.66488691985779
z20140806,m2e,8.592084842214176,77.03394451306272
z20140806,Mylyn,7.9251204093919325,5.221591592285764
z20140806,PDE,9.95029646660213,97.38213652993905
z20140806,PTP,9.018523864511163,96.45839448061008
z20140806,RAP,8.697387038958588,40.8211006616653
z20140806,Scout,8.062934232715008,81.40163881941447
z20140806,Subversive,10.928873368866018,9.218771641172584
z20140806,WebTools,8.350420219997527,48.45268190197358
z20140806,Window Builder,12.998748068829578,0.13963563849442778
z20140805-2300,BIRT,13.166818666285751,99.54040621657589
z20140805-2300,CDT,9.867699793919256,8.588777727854827
z20140805-2300,CVS,9.379201311628997,4.435817567502999
z20140805-2300,DataTools,13.146703806870939,84.19071403414887
z20140805-2300,EclipseLink,8.621494845006293,10.97709066582482
z20140805-2300,EGit,12.177362378569326,0.0
z20140805-2300,EMF,12.582747566816005,65.08916863898875
z20140805-2300,GEF,7.799589175672055,16.92150327249199
z20140805-2300,GMF Runtime,9.10017026106697,16.727569348813258
z20140805-2300,JDT,19.82929118061061,96.66488691985779
z20140805-2300,m2e,8.592084842214176,77.03394451306272
z20140805-2300,Mylyn,7.9251204093919325,5.221591592285764
z20140805-2300,PDE,9.95029646660213,97.38213652993905
z20140805-2300,PTP,9.018523864511163,96.45839448061008
z20140805-2300,RAP,8.697387038958588,40.8211006616653
z20140805-2300,Scout,8.062934232715008,81.40163881941447
z20140805-2300,Subversive,10.928873368866018,9.218771641172584
z20140805-2300,WebTools,8.350420219997527,48.45268190197358
z20140805-2300,Window Builder,12.998748068829578,0.13963563849442778
LunaRC4,BIRT,13.160293278307064,99.34174851948407
LunaRC4,CDT,9.87069748021204,9.722198289291324
LunaRC4,CVS,9.390582041532612,5.582961372867039
LunaRC4,DataTools,13.146703806870939,84.19071403414887
LunaRC4,EclipseLink,8.624941689762094,11.570152709380615
LunaRC4,EGit,12.193816537844539,3.2594813775833127
LunaRC4,EMF,12.594465428197024,68.40505412451293
LunaRC4,GEF,7.806566738044254,17.282572724256312
LunaRC4,GMF Runtime,9.099879406966021,15.09559455089414
LunaRC4,JDT,19.840199367701143,98.31608644256093
LunaRC4,m2e,8.578233927188226,76.27974168201972
LunaRC4,Mylyn,7.833403273185061,0.6413412417212242
LunaRC4,PDE,9.95029646660213,97.38213652993905
LunaRC4,PTP,9.01948426825748,96.6011437600102
LunaRC4,RAP,8.68921880523153,37.768292584021694
LunaRC4,Scout,8.05481200301057,80.66553809810631
LunaRC4,Subversive,10.92997610733321,9.283282663874576
LunaRC4,WebTools,8.352756002715882,48.64338966951029
LunaRC4,Window Builder,12.999174258164189,0.20004053092237198
LunaSR2,BIRT,13.161206887103669,99.36956225564339
LunaSR2,CDT,9.863247244493511,6.9052756609115
LunaSR2,CVS,9.380510713237452,4.567801364376748
LunaSR2,DataTools,13.146703806870939,84.19071403414887
LunaSR2,EclipseLink,8.557696583413621,0.0
LunaSR2,EGit,12.262844166903207,16.933487304728814
LunaSR2,EMF,12.608489383449367,72.37351117984299
LunaSR2,GEF,7.807476135248461,17.32963150101008
LunaSR2,GMF Runtime,9.10085037599269,20.54367651336341
LunaSR2,JDT,19.82231477492141,95.60885096735832
LunaSR2,m2e,8.615148413510747,78.28979011844311
LunaSR2,Mylyn,7.820560747663551,0.0
LunaSR2,PDE,9.95029646660213,97.38213652993905
LunaSR2,PTP,8.535205670000662,24.620561431856743
LunaSR2,RAP,8.65972914213244,26.746781113596356
LunaSR2,Scout,7.696834278418266,48.222764269554446
LunaSR2,Subversive,10.930117388114454,9.29154769493794
LunaSR2,WebTools,8.351682240108552,48.55572104001869
LunaSR2,Window Builder,12.997762863534676,0.0
S201504150911,BIRT,13.154505076142131,99.16553357009823
S201504150911,CDT,9.844984076433121,0.0
S201504150911,CVS,9.380510713237452,4.567801364376748
S201504150911,DataTools,13.146703806870939,84.19071403414887
S201504150911,EclipseLink,8.55987669278195,0.3751083117334833
S201504150911,EGit,12.495337666007346,62.98921206489374
S201504150911,EMF,12.610658029190043,72.9871880873374
S201504150911,GEF,7.807476135248461,17.32963150101008
S201504150911,GMF Runtime,9.100990934008012,21.332343882680178
S201504150911,JDT,19.837631738147547,97.92741794446962
S201504150911,m2e,8.615650172612199,78.31711164442949
S201504150911,Mylyn,7.833828919161884,0.6625975217926255
S201504150911,PDE,9.93216043379601,97.20464175591246
S201504150911,PTP,8.520606660072536,22.450642629284022
S201504150911,RAP,8.643073539642288,20.52189094529465
S201504150911,Scout,7.762068582843192,54.134813089717994
S201504150911,Subversive,10.930117388114454,9.29154769493794
S201504150911,WebTools,8.35324411002837,48.68324177354015
S201504150911,Window Builder,12.997762863534676,0.0
Mars.1,BIRT,13.151341310167732,99.06921646762642
Mars.1,CDT,9.847522347369432,0.9597163240983718
Mars.1,CVS,9.380510713237452,4.567801364376748
Mars.1,DataTools,13.146703806870939,84.19071403414887
Mars.1,EclipseLink,8.569548456303846,2.0392261486129057
Mars.1,EGit,12.414785781862413,47.032312541307526
Mars.1,EMF,12.61229250612119,73.44970749733753
Mars.1,GEF,7.743809868064341,14.035079197236882
Mars.1,GMF Runtime,9.100990934008012,21.332343882680178
Mars.1,JDT,19.84996509709354,99.79434929025015
Mars.1,m2e,8.627258844489692,78.94922101613898
Mars.1,Mylyn,8.032372336367105,10.577631874864421
Mars.1,PDE,10.147251906149725,99.30971140860873
Mars.1,PTP,8.522453016815035,22.7250752265307
Mars.1,RAP,8.588164224186151,0.0
Mars.1,Scout,7.791317037577526,56.78553948019758
Mars.1,Subversive,10.927916360968451,9.162785965472814
Mars.1,WebTools,8.361484403895943,49.35603040023155
Mars.1,Window Builder,12.998508218119822,0.10564099070537862
Neon,BIRT,13.174613219281209,99.77770213721618
Neon,CDT,9.891905240849168,17.740819859533012
Neon,CVS,9.513038382654557,17.92619720530295
Neon,DataTools,13.146703806870939,84.19071403414887
Neon,EclipseLink,8.570988768617772,2.287045422404687
Neon,EGit,12.635817157169694,90.8174515827784
Neon,EMF,12.617855628781747,75.0239433655152
Neon,GEF,7.759822960888808,14.863712226762788
Neon,GMF Runtime,9.100990934008012,21.332343882680178
Neon,JDT,19.8342608425307,97.41715705625562
Neon,m2e,8.629330981479148,79.06205194325308
Neon,Mylyn,8.789993911828958,48.41239896547081
Neon,PDE,10.147251906149725,99.30971140860873
Neon,PTP,8.524057474294754,22.963553210333018
Neon,RAP,8.594307712848813,2.296076782445427
Neon,Scout,7.474179139565865,28.043993873211832
Neon,Subversive,10.941316706400146,9.94671616658327
Neon,WebTools,8.361529690918616,49.35972791324266
Neon,Window Builder,13.009200955379438,1.6211496894781505
OxygenPreRienaRemoval_9-8-2016,BIRT,13.175383877159309,99.80116390221913
OxygenPreRienaRemoval_9-8-2016,CDT,9.89554998967619,19.118893766653418
OxygenPreRienaRemoval_9-8-2016,CVS,9.529594286048827,19.594983142741672
OxygenPreRienaRemoval_9-8-2016,DataTools,13.146703806870939,84.19071403414887
OxygenPreRienaRemoval_9-8-2016,EclipseLink,8.57341484349917,2.704474412950295
OxygenPreRienaRemoval_9-8-2016,EGit,12.670620212503088,97.71175161019404
OxygenPreRienaRemoval_9-8-2016,EMF,12.620604612627888,75.80184262024818
OxygenPreRienaRemoval_9-8-2016,GEF,7.759822960888808,14.863712226762788
OxygenPreRienaRemoval_9-8-2016,GMF Runtime,9.100990934008012,21.332343882680178
OxygenPreRienaRemoval_9-8-2016,JDT,19.849380761709657,99.70589698383478
OxygenPreRienaRemoval_9-8-2016,m2e,8.628786942005688,79.03242818840987
OxygenPreRienaRemoval_9-8-2016,Mylyn,8.789484986220966,48.38698379453526
OxygenPreRienaRemoval_9-8-2016,PDE,10.188254153308073,99.71099457079497
OxygenPreRienaRemoval_9-8-2016,PTP,8.525036236658321,23.109031216472626
OxygenPreRienaRemoval_9-8-2016,RAP,8.594388946982,2.326437350747114
OxygenPreRienaRemoval_9-8-2016,Scout,7.464957857060385,27.208288291041406
OxygenPreRienaRemoval_9-8-2016,Subversive,11.076360165447024,17.846859229976154
OxygenPreRienaRemoval_9-8-2016,WebTools,8.361529690918616,49.35972791324266
OxygenPreRienaRemoval_9-8-2016,Window Builder,13.009200955379438,1.6211496894781505
Neon.1,BIRT,13.175383877159309,99.80116390221913
Neon.1,CDT,9.888603187357708,16.492318529960357
Neon.1,CVS,9.529594286048827,19.594983142741672
Neon.1,DataTools,13.146703806870939,84.19071403414887
Neon.1,EclipseLink,8.573454064183036,2.711222700317613
Neon.1,EGit,12.682171499074645,100.0
Neon.1,EMF,12.620604612627888,75.80184262024818
Neon.1,GEF,7.759822960888808,14.863712226762788
Neon.1,GMF Runtime,9.100990934008012,21.332343882680178
Neon.1,JDT,19.851323670897862,100.0
Neon.1,m2e,8.630655129789863,79.1341537793261
Neon.1,Mylyn,8.804932497076646,49.1584150661407
Neon.1,PDE,10.187228585584798,99.70095748532883
Neon.1,PTP,8.525036236658321,23.109031216472626
Neon.1,RAP,8.593851492636917,2.125568347623316
Neon.1,Scout,7.470278578290106,27.690494148004134
Neon.1,Subversive,11.306006357704534,31.281332736523193
Neon.1,WebTools,8.361529690918616,49.35972791324266
Neon.1,Window Builder,13.009200955379438,1.6211496894781505
Neon.1a,BIRT,13.175374314347717,99.8008727737629
Neon.1a,CDT,9.863714946849539,7.082113199992995
Neon.1a,CVS,9.537533669047898,20.395249391297785
Neon.1a,DataTools,13.146703806870939,84.19071403414887
Neon.1a,EclipseLink,8.573332285074098,2.690269459796044
Neon.1a,EGit,12.67593278972078,98.76414488161005
Neon.1a,EMF,12.620604612627888,75.80184262024818
Neon.1a,GEF,7.759822960888808,14.863712226762788
Neon.1a,GMF Runtime,9.100990934008012,21.332343882680178
Neon.1a,JDT,19.818410299899778,95.01782083204651
Neon.1a,m2e,8.630655129789863,79.1341537793261
Neon.1a,Mylyn,8.804932497076646,49.1584150661407
Neon.1a,PDE,10.182097052207192,99.6507358978954
Neon.1a,PTP,8.525036236658321,23.109031216472626
Neon.1a,RAP,8.593851492636917,2.125568347623316
Neon.1a,Scout,7.479586761048402,28.53407531866541
Neon.1a,Subversive,11.306006357704534,31.281332736523193
Neon.1a,WebTools,8.361529690918616,49.35972791324266
Neon.1a,Window Builder,13.009200955379438,1.6211496894781505
Neon.2,BIRT,13.172981339379142,99.72802148920967
Neon.2,CDT,9.858739379149979,5.200858730813169
Neon.2,CVS,9.549616532989871,21.613166224355016
Neon.2,DataTools,13.146703806870939,84.19071403414887
Neon.2,EclipseLink,8.589658588126527,5.499363381327442
Neon.2,EGit,12.680528375733855,99.67450601147125
Neon.2,EMF,12.620604612627888,75.80184262024818
Neon.2,GEF,7.759822960888808,14.863712226762788
Neon.2,GMF Runtime,9.100990934008012,21.332343882680178
Neon.2,JDT,19.526266754823585,50.79532279574982
Neon.2,m2e,8.63499320400346,79.37036834327648
Neon.2,Mylyn,8.710426867339226,44.438910493311404
Neon.2,PDE,10.20569933120093,99.88172804602895
Neon.2,PTP,8.525036236658321,23.109031216472626
Neon.2,RAP,8.593296114237416,1.9180003811818849
Neon.2,Scout,7.477317405111145,28.32840832781346
Neon.2,Subversive,11.306006357704534,31.281332736523193
Neon.2,WebTools,8.361529690918616,49.35972791324266
Neon.2,Window Builder,13.047582332856042,7.061039403813567
Neon.3,BIRT,13.173012793967002,99.72897908682803
Neon.3,CDT,9.852783461511324,2.9489354624839965
Neon.3,CVS,9.584211142322097,25.10020019586186
Neon.3,DataTools,13.146703806870939,84.19071403414887
Neon.3,EclipseLink,8.58205057180167,4.190332650705977
Neon.3,EGit,12.60777683854607,85.26281370389944
Neon.3,EMF,12.617426283778581,74.90244859629162
Neon.3,GEF,7.759822960888808,14.863712226762788
Neon.3,GMF Runtime,9.101061213015672,21.726677567338562
Neon.3,JDT,19.536952227011493,52.412809407420326
Neon.3,m2e,8.635487458297295,79.39728122137643
Neon.3,Mylyn,8.659286476980089,41.8850170710166
Neon.3,PDE,10.20569933120093,99.88172804602895
Neon.3,PTP,8.525036236658321,23.109031216472626
Neon.3,RAP,8.593296114237416,1.9180003811818849
Neon.3,Scout,7.499079393135955,30.300651869929514
Neon.3,Subversive,11.306508281746696,31.310695667301335
Neon.3,WebTools,8.361622137992667,49.36727586492885
Neon.3,Window Builder,13.049479596894102,7.32994343500198
Neon.3_respin,BIRT,13.173098089643974,99.73157581254219
Neon.3_respin,CDT,9.852963743639041,3.01709985677229
Neon.3_respin,CVS,9.584211142322097,25.10020019586186
Neon.3_respin,DataTools,13.146703806870939,84.19071403414887
Neon.3_respin,EclipseLink,8.585164201719424,4.726061948868234
Neon.3_respin,EGit,12.553170966964071,74.44568117520481
Neon.3_respin,EMF,12.617849718992995,75.02227103110961
Neon.3_respin,GEF,7.759822960888808,14.863712226762788
Neon.3_respin,GMF Runtime,9.101061213015672,21.726677567338562
Neon.3_respin,JDT,19.476314149179306,43.233872124519365
Neon.3_respin,m2e,8.635487458297295,79.39728122137643
Neon.3_respin,Mylyn,8.661029711668183,41.9720722454526
Neon.3_respin,PDE,10.177083638279809,99.60167032872405
Neon.3_respin,PTP,8.525036236658321,23.109031216472626
Neon.3_respin,RAP,8.593296114237416,1.9180003811818849
Neon.3_respin,Scout,7.500827114656472,30.45904422261012
Neon.3_respin,Subversive,11.306508281746696,31.310695667301335
Neon.3_respin,WebTools,8.361622137992667,49.36727586492885
Neon.3_respin,Window Builder,13.049479596894102,7.32994343500198
Oxygen,BIRT,13.173507970927636,99.74405416205326
Oxygen,CDT,9.856096399985896,4.201552387374264
Oxygen,CVS,9.587687986424015,25.45065576483769
Oxygen,DataTools,13.146703806870939,84.19071403414887
Oxygen,EclipseLink,8.586344218376656,4.929094907921536
Oxygen,EGit,12.521652388217346,68.20201847846612
Oxygen,EMF,12.614503963672746,74.07549916346335
Oxygen,GEF,7.759822960888808,14.863712226762788
Oxygen,GMF Runtime,9.101061213015672,21.726677567338562
Oxygen,JDT,19.470282405766277,42.32083206002451
Oxygen,m2e,8.63659953045842,79.45783519710106
Oxygen,Mylyn,8.657671502335875,41.80436705853005
Oxygen,PDE,10.194956127607647,99.77658584020607
Oxygen,PTP,8.525036236658321,23.109031216472626
Oxygen,RAP,8.774834999257232,69.76661895817243
Oxygen,Scout,7.501700434153401,30.538191345384856
Oxygen,Subversive,11.306508281746696,31.310695667301335
Oxygen,WebTools,8.3744241754192,50.412513488424736
Oxygen,Window Builder,13.049479596894102,7.32994343500198
Oxygen.1,BIRT,13.1781530918006,99.88546935734125
Oxygen.1,CDT,9.853060829987083,3.0538080551485693
Oxygen.1,CVS,9.587687986424015,25.45065576483769
Oxygen.1,DataTools,13.146703806870939,84.19071403414887
Oxygen.1,EclipseLink,8.586144713114214,4.894768151996482
Oxygen.1,EGit,12.531959000345502,70.24370348563062
Oxygen.1,EMF,12.632567609096496,79.18709570217052
Oxygen.1,GEF,7.759822960888808,14.863712226762788
Oxygen.1,GMF Runtime,9.101061213015672,21.726677567338562
Oxygen.1,JDT,19.494367208215525,45.966608757704776
Oxygen.1,m2e,8.638744749196936,79.57464553365745
Oxygen.1,Mylyn,8.660062979608059,41.92379473657683
Oxygen.1,PDE,10.196549921589128,99.79218407525626
Oxygen.1,PTP,8.52497035182501,23.09923844701009
Oxygen.1,RAP,8.773489683835535,69.26381872943652
Oxygen.1,Scout,7.460557478593551,26.809491177276513
Oxygen.1,Subversive,11.306842897774803,31.33027095448673
Oxygen.1,WebTools,8.374792855827655,50.44261484035205
Oxygen.1,Window Builder,13.049479596894102,7.32994343500198
Oxygen.1a,BIRT,13.178109506946337,99.88414246815026
Oxygen.1a,CDT,9.851105668360942,2.3145644614032643
Oxygen.1a,CVS,9.58225223624193,24.90274827545031
Oxygen.1a,DataTools,13.146703806870939,84.19071403414887
Oxygen.1a,EclipseLink,8.588287938511348,5.26353022974472
Oxygen.1a,EGit,12.535105893186003,70.86708620846079
Oxygen.1a,EMF,12.62414015885684,76.80232095351892
Oxygen.1a,GEF,7.759822960888808,14.863712226762788
Oxygen.1a,GMF Runtime,9.101061213015672,21.726677567338562
Oxygen.1a,JDT,19.46700100593355,41.824118372165344
Oxygen.1a,m2e,8.63849186791523,79.56087577344854
Oxygen.1a,Mylyn,8.660062979608059,41.92379473657683
Oxygen.1a,PDE,10.192475052216292,99.7523039081739
Oxygen.1a,PTP,8.52497035182501,23.09923844701009
Oxygen.1a,RAP,8.773489683835535,69.26381872943652
Oxygen.1a,Scout,7.428803172314348,23.93166469275982
Oxygen.1a,Subversive,11.306842897774803,31.33027095448673
Oxygen.1a,WebTools,8.374792855827655,50.44261484035205
Oxygen.1a,Window Builder,13.049479596894102,7.32994343500198
Oxygen.1a_respin,BIRT,13.178109506946337,99.88414246815026
Oxygen.1a_respin,CDT,9.856002873110143,4.166190019977473
Oxygen.1a_respin,CVS,9.58225223624193,24.90274827545031
Oxygen.1a_respin,DataTools,13.146703806870939,84.19071403414887
Oxygen.1a_respin,EclipseLink,8.588287938511348,5.26353022974472
Oxygen.1a_respin,EGit,12.535105893186003,70.86708620846079
Oxygen.1a_respin,EMF,12.62414015885684,76.80232095351892
Oxygen.1a_respin,GEF,7.759822960888808,14.863712226762788
Oxygen.1a_respin,GMF Runtime,9.101061213015672,21.726677567338562
Oxygen.1a_respin,JDT,19.468592836630272,42.065077760268636
Oxygen.1a_respin,m2e,8.63816681039793,79.54317591034638
Oxygen.1a_respin,Mylyn,8.644942315302426,41.16868581308809
Oxygen.1a_respin,PDE,10.193062846205157,99.75805656435529
Oxygen.1a_respin,PTP,8.52497035182501,23.09923844701009
Oxygen.1a_respin,RAP,8.773489683835535,69.26381872943652
Oxygen.1a_respin,Scout,7.423378397813893,23.440028705102822
Oxygen.1a_respin,Subversive,11.306842897774803,31.33027095448673
Oxygen.1a_respin,WebTools,8.374792855827655,50.44261484035205
Oxygen.1a_respin,Window Builder,13.049479596894102,7.32994343500198
Oxygen.2,BIRT,13.178212643552921,99.88728233980494
Oxygen.2,CDT,9.866269328772383,8.047921063237684
Oxygen.2,CVS,9.581635071090048,24.840539859394095
Oxygen.2,DataTools,13.146703806870939,84.19071403414887
Oxygen.2,EclipseLink,8.585779182302982,4.831875139618462
Oxygen.2,EGit,12.53016201309893,69.88772987628447
Oxygen.2,EMF,12.625771883490719,77.26406152664246
Oxygen.2,GEF,7.759822960888808,14.863712226762788
Oxygen.2,GMF Runtime,9.101061213015672,21.726677567338562
Oxygen.2,JDT,19.521677874769424,50.10069256138673
Oxygen.2,m2e,8.639152396205494,79.59684251684192
Oxygen.2,Mylyn,8.647992700729928,41.321018621344955
Oxygen.2,PDE,10.21778410411341,100.0
Oxygen.2,PTP,8.52497035182501,23.09923844701009
Oxygen.2,RAP,8.772799558957614,69.00589040952036
Oxygen.2,Scout,7.402501059771089,21.54795914396937
Oxygen.2,Subversive,11.306842897774803,31.33027095448673
Oxygen.2,WebTools,8.382411582466796,51.064654868906835
Oxygen.2,Window Builder,13.049810011564514,7.376773942013718
Oxygen.2_respin,BIRT,13.178156223101146,99.88556468607229
Oxygen.2_respin,CDT,9.865322038925576,7.689752233966152
Oxygen.2_respin,CVS,9.586223249748059,25.303014654070378
Oxygen.2_respin,DataTools,13.146703806870939,84.19071403414887
Oxygen.2_respin,EclipseLink,8.584672109560179,4.641392866778463
Oxygen.2_respin,EGit,12.53016201309893,69.88772987628447
Oxygen.2_respin,EMF,12.62672644717594,77.53418111296568
Oxygen.2_respin,GEF,7.759822960888808,14.863712226762788
Oxygen.2_respin,GMF Runtime,9.101061213015672,21.726677567338562
Oxygen.2_respin,JDT,19.64989399088031,69.50908627228165
Oxygen.2_respin,m2e,8.639152396205494,79.59684251684192
Oxygen.2_respin,Mylyn,8.646461575875486,41.24455597280025
Oxygen.2_respin,PDE,10.205199709513435,99.87683831962246
Oxygen.2_respin,PTP,8.52497035182501,23.09923844701009
Oxygen.2_respin,RAP,8.772799558957614,69.00589040952036
Oxygen.2_respin,Scout,7.393974426344369,20.77520815758574
Oxygen.2_respin,Subversive,11.306842897774803,31.33027095448673
Oxygen.2_respin,WebTools,8.389570200573067,51.64912878720711
Oxygen.2_respin,Window Builder,13.044636945486648,6.643582201677818
Oxygen.3,BIRT,13.17828080915914,99.88935756083342
Oxygen.3,CDT,9.874113290214897,11.013710780280153
Oxygen.3,CVS,9.585937036817453,25.27416523991681
Oxygen.3,DataTools,9.93282334104252,63.6092135140654
Oxygen.3,EclipseLink,8.585618489197744,4.804226380208129
Oxygen.3,EGit,12.535313001605136,70.90811328398699
Oxygen.3,EMF,12.652134611400916,84.7241076898309
Oxygen.3,GEF,7.759822960888808,14.863712226762788
Oxygen.3,GMF Runtime,9.101061213015672,21.726677567338562
Oxygen.3,JDT,19.688524117239787,75.35662497668206
Oxygen.3,m2e,8.635502521835404,79.39810145332979
Oxygen.3,Mylyn,8.650311408172566,41.43681225616852
Oxygen.3,PDE,10.087336879123434,98.72333155935972
Oxygen.3,PTP,8.527126678957071,23.419743386139064
Oxygen.3,RAP,8.772799558957614,69.00589040952036
Oxygen.3,Scout,7.366200994486351,18.25816001097675
Oxygen.3,Subversive,11.306842897774803,31.33027095448673
Oxygen.3,WebTools,8.39010343543165,51.692665383592576
Oxygen.3,Window Builder,13.062735706224021,9.208765341273889
PhotonM7,BIRT,13.175394665215025,99.80149233177943
PhotonM7,CDT,9.87919090198802,12.933547956205176
PhotonM7,CVS,9.59069822766742,25.75407915018021
PhotonM7,DataTools,9.93249897779595,63.60713631100855
PhotonM7,EclipseLink,8.650552195635026,15.97668100571121
PhotonM7,EGit,12.586309184255562,81.01018564737421
PhotonM7,EMF,12.655496810852508,85.67553286874887
PhotonM7,GEF,7.759822960888808,14.863712226762788
PhotonM7,GMF Runtime,9.097189037245256,0.0
PhotonM7,JDT,19.643484510889095,68.53886727856293
PhotonM7,m2e,8.63977370557127,79.63067373172873
PhotonM7,Mylyn,8.650682225666271,41.45533046362439
PhotonM7,PDE,10.109952055789627,98.94466307738512
PhotonM7,PTP,8.531439493804376,24.0607771326229
PhotonM7,RAP,8.77369447270261,69.3403568316148
PhotonM7,Scout,7.344234978926389,16.267425879298813
PhotonM7,Subversive,11.306842897774803,31.33027095448673
PhotonM7,WebTools,8.381966132775565,51.02828559727166
PhotonM7,Window Builder,13.062814831126648,9.219979913867265
PhotonRC4,BIRT,13.175048987589811,99.79096858649632
PhotonRC4,CDT,9.87770221034734,12.370675944131907
PhotonRC4,CVS,9.590222433686215,25.70612052865134
PhotonRC4,DataTools,9.93249897779595,63.60713631100855
PhotonRC4,EclipseLink,8.65063479129429,15.990892365358336
PhotonRC4,EGit,12.596055181849277,82.9408158990541
PhotonRC4,EMF,12.655384557495484,85.64376774837802
PhotonRC4,GEF,7.759822960888808,14.863712226762788
PhotonRC4,GMF Runtime,9.097189037245256,0.0
PhotonRC4,JDT,19.64659655776801,69.00994558685065
PhotonRC4,m2e,8.673617846750728,81.4735373291116
PhotonRC4,Mylyn,8.650682225666271,41.45533046362439
PhotonRC4,PDE,10.110617283950617,98.95117357079751
PhotonRC4,PTP,8.531439493804376,24.0607771326229
PhotonRC4,RAP,8.773736859952527,69.35619870676886
PhotonRC4,Scout,7.313896737734395,13.517934417312254
PhotonRC4,Subversive,11.306842897774803,31.33027095448673
PhotonRC4,WebTools,8.381994785249706,51.03062496271643
PhotonRC4,Window Builder,13.062814831126648,9.219979913867265
Photon.0,BIRT,13.175048987589811,99.79096858649632
Photon.0,CDT,9.874776758621886,11.264567161134563
Photon.0,CVS,9.590222433686215,25.70612052865134
Photon.0,DataTools,9.93249897779595,63.60713631100855
Photon.0,EclipseLink,8.65063479129429,15.990892365358336
Photon.0,EGit,12.592052829329386,82.1479711667949
Photon.0,EMF,12.655384557495484,85.64376774837802
Photon.0,GEF,7.759822960888808,14.863712226762788
Photon.0,GMF Runtime,9.097189037245256,0.0
Photon.0,JDT,19.647243053759734,69.10780729971864
Photon.0,m2e,8.673617846750728,81.4735373291116
Photon.0,Mylyn,8.684928193499623,43.16553547722554
Photon.0,PDE,10.110617283950617,98.95117357079751
Photon.0,PTP,8.531439493804376,24.0607771326229
Photon.0,RAP,8.773736859952527,69.35619870676886
Photon.0,Scout,7.316854869754908,13.786023746629619
Photon.0,Subversive,11.306842897774803,31.33027095448673
Photon.0,WebTools,8.381994785249706,51.03062496271643
Photon.0,Window Builder,13.062814831126648,9.219979913867265
2018-09,BIRT,13.175890446747365,99.81658581247315
2018-09,CDT,9.87457685814467,11.188985099174436
2018-09,CVS,9.58866555661275,25.54919193921424
2018-09,DataTools,9.93242906918865,63.60668862041992
2018-09,EclipseLink,9.1225528317836,97.18882766904723
2018-09,EGit,12.601310142308561,83.98179559728621
2018-09,EMF,12.658244256166519,86.45299675424567
2018-09,GEF,7.759822960888808,14.863712226762788
2018-09,GMF Runtime,9.097189037245256,0.0
2018-09,JDT,19.652758660243176,69.94271842814828
2018-09,m2e,8.67106697347705,81.33463850249719
2018-09,Mylyn,8.685042463807537,43.17124200753744
2018-09,PDE,10.10562949587908,98.90235879823318
2018-09,PTP,8.531439493804376,24.0607771326229
2018-09,RAP,8.772554002541296,68.91411578157765
2018-09,Scout,7.309587998350724,13.127442362339266
2018-09,Subversive,11.30717751380291,31.349846241672118
2018-09,WebTools,8.381897885507994,51.02271346766535
2018-09,Window Builder,13.062814831126648,9.219979913867265
2018-12,BIRT,13.179089207192302,99.91396828009269
2018-12,CDT,10.008916922279345,61.98275604225759
2018-12,CVS,9.610308285163777,27.73071475881817
2018-12,DataTools,9.937851503592656,63.64141356980518
2018-12,EclipseLink,9.123856736282947,97.4131766959892
2018-12,EGit,12.576639892904954,79.09475049419609
2018-12,EMF,12.65686016327452,86.06133027330972
2018-12,GEF,7.759822960888808,14.863712226762788
2018-12,GMF Runtime,9.097189037245256,0.0
2018-12,JDT,19.69741130260293,76.7019004205304
2018-12,m2e,8.674013078227174,81.49505826818995
2018-12,Mylyn,8.685697115384615,43.20393456903046
2018-12,PDE,10.100246841875999,98.84967952894901
2018-12,PTP,8.531439493804376,24.0607771326229
2018-12,RAP,8.772649319303,68.94973961284705
2018-12,Scout,7.308033621847952,12.98657246496982
2018-12,Subversive,11.30717751380291,31.349846241672118
2018-12,WebTools,8.381897885507994,51.02271346766535
2018-12,Window Builder,13.062565372969997,9.184623578328042
2019-03,BIRT,13.179347648640118,99.92183622342785
2019-03,CDT,10.00814335060449,61.69026978572819
2019-03,CVS,9.620770620108368,28.78528707737561
2019-03,DataTools,9.937975694136432,63.64220887870622
2019-03,EclipseLink,9.120234109481602,96.78986969899447
2019-03,EGit,12.583194398132711,80.39316309442736
2019-03,EMF,12.646745351171823,83.19907089426788
2019-03,GEF,7.759822960888808,14.863712226762788
2019-03,GMF Runtime,9.097189037245256,0.0
2019-03,JDT,19.720468381428592,80.19210802660518
2019-03,m2e,8.680222706366497,81.83318171444796
2019-03,Mylyn,8.685014556259192,43.16984833604509
2019-03,PDE,10.128375219170076,99.12496795751107
2019-03,PTP,8.531439493804376,24.0607771326229
2019-03,RAP,8.772948598526547,69.06159268434891
2019-03,Scout,7.34087846116148,15.96323168167803
2019-03,Subversive,12.480669456066945,100.0
2019-03,WebTools,8.381897885507994,51.02271346766535
2019-03,Window Builder,13.058472783227543,8.604570482043497
2019-06,BIRT,13.179608850385817,99.929788200758
2019-06,CDT,10.009164838001807,62.07649259435023
2019-06,CVS,9.681779865125241,34.93483794834458
2019-06,DataTools,9.937922469617671,63.64186803203435
2019-06,EclipseLink,9.131114651560749,98.66196925021218
2019-06,EGit,12.579223387636688,79.60652705028289
2019-06,EMF,12.649402539908833,83.95099424263755
2019-06,GEF,7.759822960888808,14.863712226762788
2019-06,GMF Runtime,9.098172874209416,5.520283625150083
2019-06,JDT,19.74650721069293,84.13367064339783
2019-06,m2e,8.706102719033233,83.24238672250067
2019-06,Mylyn,8.685264105642258,43.18231055081257
2019-06,PDE,10.12700678884648,99.1115753245326
2019-06,PTP,8.528919631093544,23.68623820819886
2019-06,RAP,8.773096790583454,69.11697820874552
2019-06,Scout,7.340037333654483,15.887002051743554
2019-06,Subversive,12.480669456066945,100.0
2019-06,WebTools,7.7570426040215015,0.0056583154810931355
2019-06,Window Builder,13.058252960734206,8.573414484028257
2019-09,BIRT,13.180116449910214,99.94524146620229
2019-09,CDT,9.996406619385343,57.252629823250444
2019-09,CVS,9.629342002287641,29.64925696802707
2019-09,DataTools,9.937922469617671,63.64186803203435
2019-09,EclipseLink,9.120553093243904,96.84475385402159
2019-09,EGit,12.564920022062879,76.77310645766532
2019-09,EMF,12.658061770203002,86.4013574202356
2019-09,GEF,7.759822960888808,14.863712226762788
2019-09,GMF Runtime,9.098172874209416,5.520283625150083
2019-09,JDT,19.72390515804658,80.71234148649744
2019-09,m2e,8.647930443301494,80.07482017813203
2019-09,Mylyn,8.6856654060868,43.20235104245691
2019-09,PDE,10.10376619987823,98.88412298524413
2019-09,PTP,8.372339001204981,0.412930320430506
2019-09,RAP,8.773626838818922,69.31507924121458
2019-09,Scout,7.261287760684766,8.75009265923521
2019-09,Subversive,12.480669456066945,100.0
2019-09,WebTools,7.7570426040215015,0.0056583154810931355
2019-09,Window Builder,13.058252960734206,8.573414484028257
2019-12,BIRT,13.180266852404065,99.94982029173157
2019-12,CDT,9.999674071532722,58.488048438020776
2019-12,CVS,9.634180110763303,30.13692394673037
2019-12,DataTools,9.937922469617671,63.64186803203435
2019-12,EclipseLink,9.138891214439997,100.0
2019-12,EGit,12.466104375329468,57.19825277148498
2019-12,EMF,12.658394862969336,86.49561501838492
2019-12,GEF,7.759822960888808,14.863712226762788
2019-12,GMF Runtime,9.097821503865074,3.548753759029325
2019-12,JDT,19.73233045143563,81.98769918866836
2019-12,m2e,8.64025064504239,79.65664379209514
2019-12,Mylyn,8.683403821350371,43.089410051162815
2019-12,PDE,10.119066260693055,99.03386250468324
2019-12,PTP,8.372339001204981,0.412930320430506
2019-12,RAP,8.773610846711932,69.30910232686219
2019-12,Scout,7.2996622211868845,12.22788990005741
2019-12,Subversive,12.480669456066945,100.0
2019-12,WebTools,7.7570426040215015,0.0056583154810931355
2019-12,Window Builder,13.057976589547728,8.534243696695809
2020-03,BIRT,13.180233317372569,99.94879935747437
2020-03,CDT,10.107157315617377,99.12729716416642
2020-03,CVS,9.654010727415175,32.1357912638008
2020-03,DataTools,9.937922469617671,63.64186803203435
2020-03,EclipseLink,9.13099068232148,98.64063917717799
2020-03,EGit,12.475955997904663,59.14980676982257
2020-03,EMF,12.658946277933994,86.65165278145079
2020-03,GEF,7.759822960888808,14.863712226762788
2020-03,GMF Runtime,9.106312758935468,51.192965177833884
2020-03,JDT,19.725660060324763,80.977985427152
2020-03,m2e,8.591851851851851,77.02125784286503
2020-03,Mylyn,8.688056613391707,43.32176523864233
2020-03,PDE,10.128935272180625,99.13044911668258
2020-03,PTP,8.369786777524475,0.03358143444659626
2020-03,RAP,8.774123270865942,69.50061650836264
2020-03,Scout,7.315168555610308,13.633196616227956
2020-03,Subversive,12.47866822820813,99.88292667783641
2020-03,WebTools,7.7570426040215015,0.0056583154810931355
2020-03,Window Builder,13.057892567660392,8.522335062072804
2020-06,BIRT,13.181787513738804,99.9961150223748
2020-06,CDT,10.010761723168406,62.68027241161542
2020-06,CVS,9.648624185372919,31.592843808897758
2020-06,DataTools,9.937922469617671,63.64186803203435
2020-06,EclipseLink,9.016864186740019,79.00410272467907
2020-06,EGit,12.505508210351278,65.0039427682042
2020-06,EMF,12.659755105060668,86.88053227084131
2020-06,GEF,7.759822960888808,14.863712226762788
2020-06,GMF Runtime,9.106242539147532,50.79896377350841
2020-06,JDT,19.728577666193647,81.41963071414186
2020-06,m2e,8.597759172617582,77.34292020503
2020-06,Mylyn,8.6878654313214,43.312217821651814
2020-06,PDE,10.11657437740991,99.00947479735107
2020-06,PTP,8.369786777524475,0.03358143444659626
2020-06,RAP,8.775972313081647,70.19168035406383
2020-06,Scout,7.282822473977802,10.701738766892776
2020-06,Subversive,12.47866822820813,99.88292667783641
2020-06,WebTools,7.7570426040215015,0.0056583154810931355
2020-06,Window Builder,13.057892567660392,8.522335062072804
2020-09,BIRT,13.181787513738804,99.9961150223748
2020-09,CDT,10.005447127340059,60.67083193011099
2020-09,CVS,9.656468742457157,32.383551886606384
2020-09,DataTools,9.937994535713019,63.642329539048895
2020-09,EclipseLink,9.017823326278267,79.16913169897529
2020-09,EGit,12.50685073697322,65.2698901466109
2020-09,EMF,12.657624863726232,86.27772292775056
2020-09,GEF,7.759822960888808,14.863712226762788
2020-09,GMF Runtime,9.106242539147532,50.79896377350841
2020-09,JDT,19.49215930800255,45.63239338831428
2020-09,m2e,8.599876923076923,77.45823485311536
2020-09,Mylyn,8.6878654313214,43.312217821651814
2020-09,PDE,10.115649021029732,99.0004184660492
2020-09,PTP,8.369786777524475,0.03358143444659626
2020-09,RAP,8.781062472364349,72.0940842144294
2020-09,Scout,7.2615139985234824,8.770596122240608
2020-09,Subversive,12.47866822820813,99.88292667783641
2020-09,WebTools,7.7576149711327895,0.05238991133863756
2020-09,Window Builder,13.057892567660392,8.522335062072804
2020-12,BIRT,13.181787513738804,99.9961150223748
2020-12,CDT,9.998581560283688,58.074971620664584
2020-12,CVS,9.658377595364557,32.57595859572083
2020-12,DataTools,9.937994535713019,63.642329539048895
2020-12,EclipseLink,9.02093076942808,79.7037965055524
2020-12,EGit,12.518207282913165,67.51956145377288
2020-12,EMF,12.657515011547344,86.2466372856114
2020-12,GEF,7.759822960888808,14.863712226762788
2020-12,GMF Runtime,9.106242539147532,50.79896377350841
2020-12,JDT,19.493752316408113,45.87353104914633
2020-12,m2e,8.637179953889092,79.48944011228505
2020-12,Mylyn,8.69065179588655,43.45136572578549
2020-12,PDE,10.130344349433788,99.1442395553805
2020-12,PTP,8.369786777524475,0.03358143444659626
2020-12,RAP,8.781834259727136,72.38253319545377
2020-12,Scout,7.197724120361197,2.989452638726732
2020-12,Subversive,12.47438044206296,99.63208799071185
2020-12,WebTools,7.7576149711327895,0.05238991133863756
2020-12,Window Builder,13.05952021104119,8.75302507550989
2021-03,BIRT,13.181915125136017,100.0
2021-03,CDT,9.999678173743268,58.489599477498054
2021-03,CVS,9.658558667310478,32.59421011059267
2021-03,DataTools,9.937994535713019,63.642329539048895
2021-03,EclipseLink,9.020884982987672,79.69591851804809
2021-03,EGit,12.545389344262295,72.90418313452234
2021-03,EMF,12.657718244803695,86.30414762670479
2021-03,GEF,7.759822960888808,14.863712226762788
2021-03,GMF Runtime,9.106375509057717,51.54505448220414
2021-03,JDT,19.4881728391797,45.02895164653562
2021-03,m2e,8.634820562560622,79.36096776109838
2021-03,Mylyn,8.69065179588655,43.45136572578549
2021-03,PDE,10.127593271200624,99.11731514393148
2021-03,PTP,8.369786777524475,0.03358143444659626
2021-03,RAP,8.783884480181868,73.14878570172368
2021-03,Scout,7.206612270250431,3.7949671073688718
2021-03,Subversive,12.47438044206296,99.63208799071185
2021-03,WebTools,7.756998880179172,0.0020884301945325793
2021-03,Window Builder,13.060503693938644,8.892416594257291
2021-06,BIRT,9.897197276547688,0.000661182418677905
2021-06,CDT,10.002356267672008,59.502182659266545
2021-06,CVS,9.659443471962335,32.68339579410607
2021-06,DataTools,9.937994535713019,63.642329539048895
2021-06,EclipseLink,9.033805078448623,81.91894240216999
2021-06,EGit,12.548982060068534,73.6158810140381
2021-06,EMF,12.660225740306283,87.01371122979677
2021-06,GEF,7.759822960888808,14.863712226762788
2021-06,GMF Runtime,9.105658522886829,47.5220637197149
2021-06,JDT,19.535151999790255,52.140304516937995
2021-06,m2e,8.663802493041269,80.93907678686627
2021-06,Mylyn,8.6905918330635,43.44837125002388
2021-06,PDE,10.131744112397074,99.15793883644794
2021-06,PTP,8.369786777524475,0.03358143444659626
2021-06,RAP,8.783590412659667,73.03888045939753
2021-06,Scout,7.199828259604997,3.1801463855741035
2021-06,Subversive,12.475720026791695,99.710454696343
2021-06,WebTools,7.7569733011520565,0.0
2021-06,Window Builder,13.060503693938644,8.892416594257291
2021-09,BIRT,9.8975784558584,0.012265734407347642
2021-09,CDT,10.002568795555984,59.582539124236455
2021-09,CVS,9.659503832920867,32.68947999962295
2021-09,DataTools,9.937783848992336,63.64098031374402
2021-09,EclipseLink,9.106985096643337,94.51025248799783
2021-09,EGit,12.542848611525828,72.40087750210358
2021-09,EMF,12.658131027602261,86.42095567263858
2021-09,GEF,7.759822960888808,14.863712226762788
2021-09,GMF Runtime,9.11047083626142,74.52382893955603
2021-09,JDT,19.783926865513216,89.79797724780167
2021-09,m2e,8.817625165085845,89.31494903193214
2021-09,Mylyn,8.690681777298074,43.45286296366625
2021-09,PDE,10.13228350990327,99.16321784313568
2021-09,PTP,8.369560844787127,0.0
2021-09,RAP,8.783494308019275,73.00296216515056
2021-09,Scout,7.198067766581774,3.020596578266347
2021-09,Subversive,12.475720026791695,99.710454696343
2021-09,WebTools,7.7569733011520565,0.0
2021-09,Window Builder,13.060503693938644,8.892416594257291
2021-12,BIRT,9.897175558427174,0.0
2021-12,CDT,10.031083044834809,70.36373277493043
2021-12,CVS,9.659503832920867,32.68947999962295
2021-12,DataTools,9.937783848992336,63.64098031374402
2021-12,EclipseLink,8.783398271306373,38.83409719290898
2021-12,EGit,12.504796756008307,64.86300744947245
2021-12,EMF,12.65804496831526,86.39660287212455
2021-12,GEF,7.759822960888808,14.863712226762788
2021-12,GMF Runtime,9.110525576166385,74.83097312301868
2021-12,JDT,19.7692990357105,87.58372611807984
2021-12,m2e,8.822478109631762,89.57919904780242
2021-12,Mylyn,8.691881033759069,43.512752478898136
2021-12,PDE,10.139617151171084,99.23499114733832
2021-12,PTP,8.369560844787127,0.0
2021-12,RAP,8.784431641364229,73.35328255295246
2021-12,Scout,7.180095818815331,1.391836472286828
2021-12,Subversive,12.475720026791695,99.710454696343
2021-12,WebTools,7.760698646496815,0.3041602664577567
2021-12,Window Builder,13.062728497209928,9.207743589471464
2022-03,BIRT,10.456093024267673,17.01557930209088
2022-03,CDT,10.011004689319472,62.772137538401694
2022-03,CVS,9.660047081547654,32.74423784927487
2022-03,DataTools,9.937783848992336,63.64098031374402
2022-03,EclipseLink,8.8083032022399,43.119224687900704
2022-03,EGit,12.540119525815618,71.86026014806706
2022-03,EMF,12.661573988546094,87.39523449790052
2022-03,GEF,7.759822960888808,14.863712226762788
2022-03,GMF Runtime,9.110166514438276,72.81628710256878
2022-03,JDT,19.76530774111675,86.97955388730769
2022-03,m2e,8.743404982901808,85.27355022045617
2022-03,Mylyn,8.724702782020184,45.151833573188256
2022-03,PDE,10.156421249893523,99.39945047189651
2022-03,PTP,8.369560844787127,0.0
2022-03,RAP,8.784494722233903,73.37685849298084
2022-03,Scout,7.177290782824871,1.1376219165541197
2022-03,Subversive,12.475720026791695,99.710454696343
2022-03,WebTools,7.7608976910828025,0.3204114992182724
2022-03,Window Builder,13.064073666849918,9.398397885114635
2022-06,BIRT,10.456229468966868,17.019733199117514
2022-06,CDT,10.011743242393106,63.05138331584772
2022-06,CVS,9.660047081547654,32.74423784927487
2022-06,DataTools,9.937783848992336,63.64098031374402
2022-06,EclipseLink,8.924905813695796,63.18180015422574
2022-06,EGit,12.547784871348423,73.37872430044455
2022-06,EMF,12.662522399364505,87.66361296431408
2022-06,GEF,7.759822960888808,14.863712226762788
2022-06,GMF Runtime,9.108862182865979,65.49771656433944
2022-06,JDT,19.73711645539628,82.71216856106659
2022-06,m2e,8.737340216322517,84.94331470062613
2022-06,Mylyn,8.724702782020184,45.151833573188256
2022-06,PDE,10.148101051203797,99.31802187049969
2022-06,PTP,8.369560844787127,0.0
2022-06,RAP,8.78453387157815,73.39149022835272
2022-06,Scout,7.182831089648475,1.6397283574609265
2022-06,Subversive,12.475720026791695,99.710454696343
2022-06,WebTools,7.765898686305732,0.7287237223254585
2022-06,Window Builder,13.19084454512805,27.365955126718188
2022-09,BIRT,10.456087107862333,17.01539918414787
2022-09,CDT,10.012202153197824,63.22489678294586
2022-09,CVS,9.660047081547654,32.74423784927487
2022-09,DataTools,9.937783848992336,63.64098031374402
2022-09,EclipseLink,8.924915974145891,63.183548355181685
2022-09,EGit,12.557240038872692,75.25174266326738
2022-09,EMF,12.662918028548741,87.77556693159555
2022-09,GEF,7.472586035588474,0.0
2022-09,GMF Runtime,9.109510086455332,69.13308675805597
2022-09,JDT,19.733487558984738,82.16285344821185
2022-09,m2e,8.810966633954857,88.95238215312519
2022-09,Mylyn,8.72428661256999,45.13105054016982
2022-09,PDE,10.143426407415781,99.27227179650728
2022-09,PTP,8.369560844787127,0.0
2022-09,RAP,8.784276227303295,73.29519786580303
2022-09,Scout,7.196597858306406,2.8873818600019887
2022-09,Subversive,12.475720026791695,99.710454696343
2022-09,WebTools,7.765898686305732,0.7287237223254585
2022-09,Window Builder,13.193397918909222,27.727851251408303
2022-12,BIRT,10.456160196656406,17.01762428579105
2022-12,CDT,10.040524612648136,73.9335749954387
2022-12,CVS,9.660047081547654,32.74423784927487
2022-12,DataTools,9.937783848992336,63.64098031374402
2022-12,EclipseLink,8.936933971235863,65.25135773407222
2022-12,EGit,12.581160965209808,79.99035085504703
2022-12,EMF,12.658976393938834,86.66017491873203
2022-12,GEF,7.500497512437811,1.4443413195525054
2022-12,GMF Runtime,9.109510086455332,69.13308675805597
2022-12,JDT,19.7073301510495,78.20334128185903
2022-12,m2e,8.81475191071212,89.15849607709775
2022-12,Mylyn,8.811092240443244,49.46602570337882
2022-12,PDE,10.143426407415781,99.27227179650728
2022-12,PTP,8.369560844787127,0.0
2022-12,RAP,8.78264139905142,72.68419467225436
2022-12,Scout,7.2175977802678615,4.790560945763976
2022-12,Subversive,12.475720026791695,99.710454696343
2022-12,WebTools,7.765898686305732,0.7287237223254585
2022-12,Window Builder,13.19328218149702,27.711447495222558
2023-03,BIRT,10.45597077403151,17.01185753865482
2023-03,CDT,10.043436861419295,75.03469176179077
2023-03,CVS,9.660047081547654,32.74423784927487
2023-03,DataTools,9.937783848992336,63.64098031374402
2023-03,EclipseLink,8.927304108707418,63.59444935702143
2023-03,EGit,12.581073227431228,79.97297046808168
2023-03,EMF,12.64128112568145,81.65282065252084
2023-03,GEF,7.48319668438598,0.5490715725371081
2023-03,GMF Runtime,9.110228471001758,73.16392376932993
2023-03,JDT,19.599766809172174,61.92120958626731
2023-03,m2e,8.811356843992828,88.97362966744372
2023-03,Mylyn,8.979729928510489,57.88760166870557
2023-03,PDE,10.135836273817926,99.1979882383452
2023-03,PTP,8.369560844787127,0.0
2023-03,RAP,8.782952052648072,72.80029881923413
2023-03,Scout,7.214363778298204,4.497470098890264
2023-03,Subversive,12.475720026791695,99.710454696343
2023-03,WebTools,7.766961064809056,0.815462883059819
2023-03,Window Builder,13.193502980790461,27.74274193758732
2023-06,BIRT,10.44897339063246,16.79883050083518
2023-06,CDT,10.04267777955869,74.74768408166999
2023-06,CVS,10.327286585365854,100.0
2023-06,DataTools,9.94568775350459,63.69159645101462
2023-06,EclipseLink,8.927178785862116,63.57288638334426
2023-06,EGit,12.582994383110595,80.35354118309657
2023-06,EMF,12.640114190993646,81.32260495291273
2023-06,GEF,7.500661900979614,1.452847969511184
2023-06,GMF Runtime,9.109102419808666,66.84567980335665
2023-06,JDT,19.61944922324697,64.90058576089847
2023-06,m2e,8.830117201373268,89.99515890368536
2023-06,Mylyn,8.985508519234147,58.176177972790164
2023-06,PDE,10.105694953481816,98.90299942248272
2023-06,PTP,8.369560844787127,0.0
2023-06,RAP,8.783111891033675,72.86003706020404
2023-06,Scout,7.220994189799871,5.098370450954886
2023-06,Subversive,12.476557267247154,99.75943388736246
2023-06,WebTools,7.775674667329934,1.5268953595914994
2023-06,Window Builder,13.202260012803029,28.98389823538595
2023-09,BIRT,10.451379770598896,16.872089884648275
2023-09,CDT,10.04419806887123,75.32250312471386
2023-09,CVS,10.327286585365854,100.0
2023-09,DataTools,9.94568775350459,63.69159645101462
2023-09,EclipseLink,9.005026225370402,76.967270183967
2023-09,EGit,12.591753774680605,82.08873003254553
2023-09,EMF,12.640176071902166,81.34011582795388
2023-09,GEF,7.832069816643159,18.60228613086056
2023-09,GMF Runtime,9.11179119178275,81.93230943916319
2023-09,JDT,19.63734290843806,67.60919757711618
2023-09,m2e,8.838311382878645,90.44134421908565
2023-09,Mylyn,9.002018702686655,59.00067791547996
2023-09,PDE,10.09941718050511,98.84155975109469
2023-09,PTP,8.369560844787127,0.0
2023-09,RAP,8.783070109467703,72.84442155428697
2023-09,Scout,7.223476472100797,5.323334513619081
2023-09,Subversive,12.476557267247154,99.75943388736246
2023-09,WebTools,7.961608275107541,16.70766665765699
2023-09,Window Builder,13.506539164674448,72.11015209537372
2023-12,BIRT,10.449426259734063,16.812617563474554
2023-12,CDT,10.044335501511316,75.37446619385186
2023-12,CVS,10.327286585365854,100.0
2023-12,DataTools,9.932616791090874,63.60789078038491
2023-12,EclipseLink,9.005096361612502,76.97933778376151
2023-12,EGit,12.59703947368421,83.13579887280636
2023-12,EMF,12.640378665095035,81.39744504579119
2023-12,GEF,7.857923979186877,19.940167155425765
2023-12,GMF Runtime,9.113049595497714,88.99317996406113
2023-12,JDT,19.591494729254887,60.66904418996222
2023-12,m2e,8.840094062316284,90.53841375392797
2023-12,Mylyn,8.994007032563829,58.600584144497894
2023-12,PDE,10.091955310391175,98.76853148940992
2023-12,PTP,8.369560844787127,0.0
2023-12,RAP,8.78286573774259,72.768039355379
2023-12,Scout,7.223489400874524,5.32450622139045
2023-12,Subversive,12.472635983263599,99.53003585001271
2023-12,WebTools,7.961608275107541,16.70766665765699
2023-12,Window Builder,13.5367750662233,76.3955629027246
2024-03,BIRT,10.450238611713665,16.83734865594337
2024-03,CDT,10.041692900361758,74.37530277712135
2024-03,CVS,10.327286585365854,100.0
2024-03,DataTools,9.932440302853815,63.60676056014758
2024-03,EclipseLink,9.00508192189046,76.9768532938383
2024-03,EGit,12.596252294021056,82.97986277118314
2024-03,EMF,12.640994475138122,81.57170513620483
2024-03,GEF,8.022680960396917,28.46588282897865
2024-03,GMF Runtime,9.113049595497714,88.99317996406113
2024-03,JDT,19.60585015220116,62.842060413497904
2024-03,m2e,8.838286917856307,90.44001206239602
2024-03,Mylyn,8.987526695348045,58.2769634119728
2024-03,PDE,10.06456766658403,98.50049251414796
2024-03,PTP,8.369560844787127,0.0
2024-03,RAP,8.782484282640935,72.6254737463988
2024-03,Scout,7.207846410684474,3.9068146783872515
2024-03,Subversive,12.472635983263599,99.53003585001271
2024-03,WebTools,7.961461001019419,16.69564228897703
2024-03,Window Builder,13.655676006047544,93.24769386047875
2024-06,BIRT,10.452402636828866,16.90322983377353
2024-06,CDT,10.040348801262166,73.86710098170578
2024-06,CVS,10.327286585365854,100.0
2024-06,DataTools,9.932440302853815,63.60676056014758
2024-06,EclipseLink,8.990444253305316,74.45830480702699
2024-06,EGit,12.580722891566266,79.90357079784374
2024-06,EMF,12.705204228205222,99.7415896655757
2024-06,GEF,8.032226990104212,28.959863323753122
2024-06,GMF Runtime,9.114237478897017,95.65836283139052
2024-06,JDT,19.62536685766558,65.79635286192472
2024-06,m2e,8.83926064576509,90.49303298874598
2024-06,Mylyn,8.98430826369545,58.11623856474451
2024-06,PDE,10.062037037037037,98.47572560264145
2024-06,PTP,8.369560844787127,0.0
2024-06,RAP,8.782484282640935,72.6254737463988
2024-06,Scout,7.200982603900336,3.2847621991323344
2024-06,Subversive,12.472635983263599,99.53003585001271
2024-06,WebTools,7.961485864889728,16.697672329340698
2024-06,Window Builder,13.655403230996974,93.20903276258488
2024-09,BIRT,10.43831242873432,16.47427016106915
2024-09,CDT,10.041635132974472,74.35346101713193
2024-09,CVS,10.327286585365854,100.0
2024-09,DataTools,9.932440302853815,63.60676056014758
2024-09,EclipseLink,8.99011477741018,74.40161538191073
2024-09,EGit,12.594693680656054,82.67110975906593
2024-09,EMF,12.704891164229679,99.65299975494354
2024-09,GEF,8.042877143857194,29.510979167893225
2024-09,GMF Runtime,9.114237478897017,95.65836283139052
2024-09,JDT,19.574291134310734,58.06489305789929
2024-09,m2e,8.854008635780138,91.29608288116853
2024-09,Mylyn,8.983325083529266,58.06713965600105
2024-09,PDE,10.043781311261164,98.29705941054091
2024-09,PTP,8.369560844787127,0.0
2024-09,RAP,8.853911310413553,99.32071957708398
2024-09,Scout,7.204819579227162,3.6324992625368395
2024-09,Subversive,12.472635983263599,99.53003585001271
2024-09,WebTools,7.9624058280912005,16.772783822798548
2024-09,Window Builder,13.67541292755885,96.04505767024425
2024-12,BIRT,10.440732220751318,16.54793785885324
2024-12,CDT,10.041818976266345,74.4229718820924
2024-12,CVS,10.327286585365854,100.0
2024-12,DataTools,9.93170869434788,63.602075382523374
2024-12,EclipseLink,8.990122892545196,74.40301166717943
2024-12,EGit,12.602509652509653,84.21941218390631
2024-12,EMF,12.70597009428403,99.95831216569752
2024-12,GEF,8.120084033613445,33.50622104029668
2024-12,GMF Runtime,9.114237478897017,95.65836283139052
2024-12,JDT,19.626851619382375,66.0211049511357
2024-12,m2e,8.868056364271574,92.06100249681232
2024-12,Mylyn,8.983325083529266,58.06713965600105
2024-12,PDE,10.034342005007074,98.20467826255512
2024-12,PTP,8.369560844787127,0.0
2024-12,RAP,8.855728824361195,100.0
2024-12,Scout,7.20104561559999,3.2904728179222937
2024-12,Subversive,12.4729797557303,99.5501467956843
2024-12,WebTools,7.9624058280912005,16.772783822798548
2024-12,Window Builder,13.663437784423351,94.34779034287416
2025-03,BIRT,10.443579260158987,16.634612596677943
2025-03,CDT,10.040761766804776,74.02324261610084
2025-03,CVS,10.327286585365854,100.0
2025-03,DataTools,9.93170869434788,63.602075382523374
2025-03,EclipseLink,8.989786827180078,74.34518846180586
2025-03,EGit,12.6,83.7222633789994
2025-03,EMF,12.706117413081909,100.0
2025-03,GEF,8.14425735109324,34.757123006365816
2025-03,GMF Runtime,9.11501125492403,100.0
2025-03,JDT,19.341132047068267,22.771019715479447
2025-03,m2e,8.891183294663573,93.32029809874922
2025-03,Mylyn,8.984903792612757,58.14597860728262
2025-03,PDE,10.03189350719913,98.18071516269909
2025-03,PTP,8.369560844787127,0.0
2025-03,RAP,8.855552900887986,99.93425009396071
2025-03,Scout,7.197406767102988,2.960691575474727
2025-03,Subversive,12.4729797557303,99.5501467956843
2025-03,WebTools,7.962505283572441,16.780903984253502
2025-03,Window Builder,13.703317194451714,100.0
2025-06,BIRT,10.44514038642841,16.682139234261157
2025-06,CDT,10.085024779142426,90.75901927670708
2025-06,CVS,10.327286585365854,100.0
2025-06,DataTools,9.93170869434788,63.602075382523374
2025-06,EclipseLink,8.989939739838341,74.37149852217127
2025-06,EGit,12.603415010611615,84.39875880526996
2025-06,EMF,12.704125020707936,99.43619874484715
2025-06,GEF,8.122447278486288,33.62851239150294
2025-06,GMF Runtime,9.115003165224731,99.95460890757926
2025-06,JDT,19.19070168424209,0.0
2025-06,m2e,8.898574243653645,93.72274621441254
2025-06,Mylyn,8.985553424488028,58.17842049052828
2025-06,PDE,10.204432432432432,99.86932908794185
2025-06,PTP,8.369560844787127,0.0
2025-06,RAP,8.845700099304866,96.25184906756392
2025-06,Scout,7.179269803483373,1.3169764272263507
2025-06,Subversive,12.472645139702191,99.53057150849881
2025-06,WebTools,7.962853377756781,16.809324549345607
2025-06,Window Builder,13.680687087714714,96.7925777299693
2025-09,BIRT,10.446250541829215,16.715936598656718
2025-09,CDT,10.084488926838231,90.5564143473891
2025-09,CVS,10.327286585365854,100.0
2025-09,DataTools,9.93170869434788,63.602075382523374
2025-09,EclipseLink,8.989932108684009,74.37018551032892
2025-09,EGit,12.602561633281972,84.2297092982428
2025-09,EMF,12.70176245492678,98.7676469223257
2025-09,GEF,8.12877464437235,33.95593598297022
2025-09,GMF Runtime,9.114862488570022,99.16527585574066
2025-09,JDT,19.196914180313566,0.9404010458274387
2025-09,m2e,8.904646043332175,94.05336469690947
2025-09,Mylyn,8.964560862865948,57.13007563693508
2025-09,PDE,10.20897010862241,99.91373867952983
2025-09,PTP,8.369560844787127,0.0
2025-09,RAP,8.842933697178225,95.2179297356228
2025-09,Scout,7.164738116789392,0.0
2025-09,Subversive,12.472645139702191,99.53057150849881
2025-09,WebTools,7.962853377756781,16.809324549345607
2025-09,Window Builder,13.683597710547833,97.20510766644284
2025-12,BIRT,10.446106843764557,16.711561881521924
2025-12,CDT,10.109443607051576,99.99174042735729
2025-12,CVS,10.327286585365854,100.0
2025-12,DataTools,9.93170869434788,63.602075382523374
2025-12,EclipseLink,8.990784360549682,74.51682345572223
2025-12,EGit,12.605009633911369,84.71464519380383
2025-12,EMF,12.70194642725734,98.8197068640513
2025-12,GEF,8.118790849673202,33.43930236706571
2025-12,GMF Runtime,9.114713743142495,98.33066912941707
2025-12,JDT,19.206295748567737,2.360512462594234
2025-12,m2e,8.913440425286028,94.53223181539538
2025-12,Mylyn,8.969474279253816,57.375446110368145
2025-12,PDE,10.210748808530116,99.93114656258531
2025-12,PTP,8.369560844787127,0.0
2025-12,RAP,8.842333168561542,94.9934872584452
2025-12,Scout,7.168110159595173,0.3056011996632922
2025-12,Subversive,12.472645139702191,99.53057150849881
2025-12,WebTools,7.962853377756781,16.809324549345607
2025-12,Window Builder,13.672790872535879,95.67342717942667
2026-03,BIRT,10.45282834214132,16.916189927071894
2026-03,CDT,10.109465452082924,100.0
2026-03,CVS,10.327286585365854,100.0
2026-03,DataTools,9.93170869434788,63.602075382523374
2026-03,EclipseLink,8.992732668608964,74.85204817310151
2026-03,EGit,12.605182045848585,84.74879908092922
2026-03,EMF,12.70523953197439,99.75157982094312
2026-03,GEF,8.144265232974911,34.757530871826894
2026-03,GMF Runtime,9.114713743142495,98.33066912941707
2026-03,JDT,19.219533961328708,4.364413790187936
2026-03,m2e,8.922961422961423,95.05066423575774
2026-03,Mylyn,8.98482992556299,58.14228977011887
2026-03,PDE,10.214460685348193,99.96747417315386
2026-03,PTP,8.369560844787127,0.0
2026-03,RAP,8.843570778784164,95.45603358251525
2026-03,Scout,7.173719914057408,0.8140015350731609
2026-03,Subversive,12.472645139702191,99.53057150849881
2026-03,WebTools,7.962853377756781,16.809324549345607
2026-03,Window Builder,13.66054895802663,93.93834967046476
