release,feature,Total LOC,Normalized LOC
JunoSR0,BIRT,1128406,72.32905662389956
JunoSR0,CDT,836258,0.0
JunoSR0,CVS,158885,94.83958916511442
JunoSR0,DataTools,0,0.0
JunoSR0,EclipseLink,1092147,2.7855374860220548
JunoSR0,EGit,68910,0.0
JunoSR0,EMF,562284,0.0
JunoSR0,GEF,18720,0.0
JunoSR0,GMF Runtime,128228,0.0
JunoSR0,JDT,1068159,0.0
JunoSR0,m2e,1902,0.0
JunoSR0,Mylyn,2220,0.0
JunoSR0,PDE,0,0.0
JunoSR0,PTP,198510,87.64377728348659
JunoSR0,RAP,348509,0.0
JunoSR0,Scout,193483,2.5629458369752163
JunoSR0,Subversive,57573,0.12915345779030174
JunoSR0,WebTools,33996,0.0
JunoSR0,Window Builder,487648,99.44379806464428
JunoSR1,BIRT,1134268,74.28307616409498
JunoSR1,CDT,1035141,60.339983738061434
JunoSR1,CVS,158894,94.84895470201984
JunoSR1,DataTools,203,0.036068369993958994
JunoSR1,EclipseLink,1177992,8.777730777445983
JunoSR1,EGit,70117,1.9481253127168843
JunoSR1,EMF,615646,41.58445161390876
JunoSR1,GEF,18970,0.3076582286269829
JunoSR1,GMF Runtime,128259,2.104548540393754
JunoSR1,JDT,1069704,0.31192208610260924
JunoSR1,m2e,64404,82.94560269664115
JunoSR1,Mylyn,52922,16.134390672335226
JunoSR1,PDE,269982,71.14956371868222
JunoSR1,PTP,206819,97.5270901975711
JunoSR1,RAP,350527,2.0447452681068374
JunoSR1,Scout,196612,5.5037076719203775
JunoSR1,Subversive,57602,0.29940119760479045
JunoSR1,WebTools,222537,65.86309045559662
JunoSR1,Window Builder,487714,99.53744430886235
JunoSR2,BIRT,1139676,76.08576085760858
JunoSR2,CDT,1052170,65.50648657176491
JunoSR2,CVS,158940,94.89682300175863
JunoSR2,DataTools,27632,4.909562559965886
JunoSR2,EclipseLink,1188360,9.501442817116125
JunoSR2,EGit,72866,6.385073518730733
JunoSR2,EMF,633340,55.37320178924892
JunoSR2,GEF,87320,84.4214179352441
JunoSR2,GMF Runtime,128267,2.6476578411405294
JunoSR2,JDT,1132529,12.995744131019391
JunoSR2,m2e,64072,82.50500975409074
JunoSR2,Mylyn,71210,21.953998116137573
JunoSR2,PDE,294124,77.51181293269066
JunoSR2,PTP,208898,100.0
JunoSR2,RAP,356559,8.15668949864224
JunoSR2,Scout,200364,9.029990319639852
JunoSR2,Subversive,57551,0.0
JunoSR2,WebTools,223679,66.26202569673934
JunoSR2,Window Builder,487950,99.87230057606628
KeplerPostRC4,BIRT,1182690,90.42390423904239
KeplerPostRC4,CDT,1062630,68.67999174767296
KeplerPostRC4,CVS,160123,96.12787079721531
KeplerPostRC4,DataTools,27632,4.909562559965886
KeplerPostRC4,EclipseLink,1226937,12.194212816571666
KeplerPostRC4,EGit,74113,8.397759736591508
KeplerPostRC4,EMF,642216,62.29017627530743
KeplerPostRC4,GEF,87320,84.4214179352441
KeplerPostRC4,GMF Runtime,128247,1.2898845892735913
KeplerPostRC4,JDT,1130778,12.642232433436432
KeplerPostRC4,m2e,64285,82.78767932265471
KeplerPostRC4,Mylyn,89842,27.883073241516254
KeplerPostRC4,PDE,297047,78.2821241932551
KeplerPostRC4,PTP,185965,72.721866041798
KeplerPostRC4,RAP,361443,13.10541887893649
KeplerPostRC4,Scout,213703,21.566526630388815
KeplerPostRC4,Subversive,58505,5.600563578724903
KeplerPostRC4,WebTools,228352,67.89444634635404
KeplerPostRC4,Window Builder,487965,99.89358381338857
KeplerSR0,BIRT,1185500,91.36058027246939
KeplerSR0,CDT,1064092,69.12355432579702
KeplerSR0,CVS,160172,96.17886094258927
KeplerSR0,DataTools,28250,5.019366760243062
KeplerSR0,EclipseLink,1230184,12.420861446279318
KeplerSR0,EGit,74529,9.069193150087965
KeplerSR0,EMF,642350,62.39460108165397
KeplerSR0,GEF,87320,84.4214179352441
KeplerSR0,GMF Runtime,128247,1.2898845892735913
KeplerSR0,JDT,1132161,12.921448126044787
KeplerSR0,m2e,64500,83.07300306557138
KeplerSR0,Mylyn,92617,28.766133754232325
KeplerSR0,PDE,295241,77.80618093749753
KeplerSR0,PTP,185379,72.02483615039668
KeplerSR0,RAP,361697,13.362785230819114
KeplerSR0,Scout,214361,22.184941870847076
KeplerSR0,Subversive,58524,5.7121052013619815
KeplerSR0,WebTools,227129,67.46721534817755
KeplerSR0,Window Builder,487983,99.91912369817531
KeplerSR1,BIRT,1189898,92.82659493261599
KeplerSR1,CDT,1066796,69.94393271926312
KeplerSR1,CVS,160178,96.18510463385954
KeplerSR1,DataTools,28318,5.031448775807541
KeplerSR1,EclipseLink,1242157,13.256606455053491
KeplerSR1,EGit,75752,11.043142824862406
KeplerSR1,EMF,643259,63.10297532769128
KeplerSR1,GEF,87320,84.4214179352441
KeplerSR1,GMF Runtime,128247,1.2898845892735913
KeplerSR1,JDT,1132633,13.016740828077431
KeplerSR1,m2e,64620,83.23225352673417
KeplerSR1,Mylyn,101410,31.564242254525087
KeplerSR1,PDE,295503,77.87522696906369
KeplerSR1,PTP,183595,69.90282023527733
KeplerSR1,RAP,366127,17.85149758845702
KeplerSR1,Scout,215416,23.17647390532044
KeplerSR1,Subversive,58546,5.841258659152284
KeplerSR1,WebTools,270211,82.5170647868037
KeplerSR1,Window Builder,487994,99.934731405545
LunaSR0,BIRT,1198299,95.6269562695627
LunaSR0,CDT,1086937,76.05459885195567
LunaSR0,CVS,160178,96.18510463385954
LunaSR0,DataTools,28318,5.031448775807541
LunaSR0,EclipseLink,1253505,14.048724918226402
LunaSR0,EGit,82733,22.310634795099826
LunaSR0,EMF,651585,69.59134053396923
LunaSR0,GEF,87332,84.43618553021818
LunaSR0,GMF Runtime,128276,3.2586558044806515
LunaSR0,JDT,1225589,31.783750171607622
LunaSR0,m2e,66434,85.63958966464507
LunaSR0,Mylyn,105309,32.80498205239174
LunaSR0,PDE,328917,86.6809678039936
LunaSR0,PTP,187441,74.47752494915012
LunaSR0,RAP,368804,20.56397681676326
LunaSR0,Scout,239066,45.40370861176117
LunaSR0,Subversive,59464,11.230480216038512
LunaSR0,WebTools,270253,82.53173666082121
LunaSR0,Window Builder,487999,99.94182581798576
z20140806,BIRT,1198299,95.6269562695627
z20140806,CDT,1086937,76.05459885195567
z20140806,CVS,160178,96.18510463385954
z20140806,DataTools,28318,5.031448775807541
z20140806,EclipseLink,1253505,14.048724918226402
z20140806,EGit,82733,22.310634795099826
z20140806,EMF,651585,69.59134053396923
z20140806,GEF,87332,84.43618553021818
z20140806,GMF Runtime,128276,3.2586558044806515
z20140806,JDT,1225589,31.783750171607622
z20140806,m2e,66434,85.63958966464507
z20140806,Mylyn,105309,32.80498205239174
z20140806,PDE,328917,86.6809678039936
z20140806,PTP,187441,74.47752494915012
z20140806,RAP,368804,20.56397681676326
z20140806,Scout,239066,45.40370861176117
z20140806,Subversive,59464,11.230480216038512
z20140806,WebTools,270253,82.53173666082121
z20140806,Window Builder,487999,99.94182581798576
z20140805-2300,BIRT,1198299,95.6269562695627
z20140805-2300,CDT,1086937,76.05459885195567
z20140805-2300,CVS,160178,96.18510463385954
z20140805-2300,DataTools,28318,5.031448775807541
z20140805-2300,EclipseLink,1253505,14.048724918226402
z20140805-2300,EGit,82733,22.310634795099826
z20140805-2300,EMF,651585,69.59134053396923
z20140805-2300,GEF,87332,84.43618553021818
z20140805-2300,GMF Runtime,128276,3.2586558044806515
z20140805-2300,JDT,1225589,31.783750171607622
z20140805-2300,m2e,66434,85.63958966464507
z20140805-2300,Mylyn,105309,32.80498205239174
z20140805-2300,PDE,328917,86.6809678039936
z20140805-2300,PTP,187441,74.47752494915012
z20140805-2300,RAP,368804,20.56397681676326
z20140805-2300,Scout,239066,45.40370861176117
z20140805-2300,Subversive,59464,11.230480216038512
z20140805-2300,WebTools,270253,82.53173666082121
z20140805-2300,Window Builder,487999,99.94182581798576
LunaRC4,BIRT,1199008,95.863291966253
LunaRC4,CDT,1087435,76.20568925134404
LunaRC4,CVS,160532,96.553482418806
LunaRC4,DataTools,28318,5.031448775807541
LunaRC4,EclipseLink,1257275,14.311880241293187
LunaRC4,EGit,83613,23.73097470826541
LunaRC4,EMF,653552,71.1242031763844
LunaRC4,GEF,87496,84.6380093281975
LunaRC4,GMF Runtime,128281,3.5980991174473864
LunaRC4,JDT,1230013,32.67691736184577
LunaRC4,m2e,66447,85.65684179793772
LunaRC4,Mylyn,112002,34.93482854306153
LunaRC4,PDE,328917,86.6809678039936
LunaRC4,PTP,187479,74.52272483971882
LunaRC4,RAP,368727,20.485956308515384
LunaRC4,Scout,246147,52.05872125261981
LunaRC4,Subversive,59470,11.265703886344959
LunaRC4,WebTools,270646,82.66902348198504
LunaRC4,Window Builder,488015,99.96452793779619
LunaSR2,BIRT,1200868,96.483298166315
LunaSR2,CDT,1089948,76.96811931894031
LunaSR2,CVS,159797,95.78863023819683
LunaSR2,DataTools,28318,5.031448775807541
LunaSR2,EclipseLink,1270159,15.211215302935752
LunaSR2,EGit,86404,28.23571186468034
LunaSR2,EMF,653788,71.30811552189024
LunaSR2,GEF,87514,84.66016072065864
LunaSR2,GMF Runtime,129496,86.08282416836389
LunaSR2,JDT,1242205,35.1383763092652
LunaSR2,m2e,67336,86.83662229771873
LunaSR2,Mylyn,112968,35.242229067488104
LunaSR2,PDE,328917,86.6809678039936
LunaSR2,PTP,128856,4.792377871085154
LunaSR2,RAP,382379,34.31889109552952
LunaSR2,Scout,204959,13.348558754147048
LunaSR2,Subversive,59591,11.976047904191617
LunaSR2,WebTools,270820,82.72980696005757
LunaSR2,Window Builder,488040,100.0
S201504150911,BIRT,1202427,97.0029700297003
S201504150911,CDT,1112877,83.92464897270663
S201504150911,CVS,159797,95.78863023819683
S201504150911,DataTools,28318,5.031448775807541
S201504150911,EclipseLink,1271758,15.322829457202008
S201504150911,EGit,88442,31.525089981761546
S201504150911,EMF,654077,71.53333021617495
S201504150911,GEF,87514,84.66016072065864
S201504150911,GMF Runtime,129498,86.21860149355058
S201504150911,JDT,1246081,35.92090705731291
S201504150911,m2e,67383,86.89899539500749
S201504150911,Mylyn,113285,35.34310480894071
S201504150911,PDE,337028,88.81849590335665
S201504150911,PTP,129215,5.219397889878793
S201504150911,RAP,385144,37.12053661897621
S201504150911,Scout,209832,17.928402928543903
S201504150911,Subversive,59591,11.976047904191617
S201504150911,WebTools,270879,82.75041744974884
S201504150911,Window Builder,488040,100.0
Mars.1,BIRT,1203545,97.37564042307089
Mars.1,CDT,1126980,88.20341986140944
Mars.1,CVS,159797,95.78863023819683
Mars.1,DataTools,28318,5.031448775807541
Mars.1,EclipseLink,1278191,15.771868765766634
Mars.1,EGit,91857,37.03697725842116
Mars.1,EMF,654187,71.61905207213105
Mars.1,GEF,85693,82.4191781833397
Mars.1,GMF Runtime,129498,86.21860149355058
Mars.1,JDT,1251183,36.95095656106405
Mars.1,m2e,67793,87.4431011373137
Mars.1,Mylyn,147386,46.19472518520404
Mars.1,PDE,344692,90.8382240939026
Mars.1,PTP,129243,5.252703072403088
Mars.1,RAP,383848,35.8073602723625
Mars.1,Scout,213560,21.4321293972801
Mars.1,Subversive,59579,11.905600563578725
Mars.1,WebTools,271280,82.89049891358266
Mars.1,Window Builder,487951,99.87371945855445
Neon,BIRT,1207506,98.6959869598696
Neon,CDT,1101523,80.47990922440262
Neon,CVS,162340,98.4349147215834
Neon,DataTools,28318,5.031448775807541
Neon,EclipseLink,1305713,17.69297242662713
Neon,EGit,100897,51.62774182094033
Neon,EMF,654791,72.08974299029005
Neon,GEF,85909,82.6849948928734
Neon,GMF Runtime,129498,86.21860149355058
Neon,JDT,1275938,41.94877613483109
Neon,m2e,68491,88.36940798641064
Neon,Mylyn,245443,77.39842417453731
Neon,PDE,344692,90.8382240939026
Neon,PTP,129327,5.352618619975972
Neon,RAP,386211,38.20167794755401
Neon,Scout,190756,0.0
Neon,Subversive,59663,12.398731947868969
Neon,WebTools,271340,82.91145873360767
Neon,Window Builder,479311,87.6145747609183
OxygenPreRienaRemoval_9-8-2016,BIRT,1208130,98.90398903989039
OxygenPreRienaRemoval_9-8-2016,CDT,1102295,80.7141296828922
OxygenPreRienaRemoval_9-8-2016,CVS,162775,98.88758233867863
OxygenPreRienaRemoval_9-8-2016,DataTools,28318,5.031448775807541
OxygenPreRienaRemoval_9-8-2016,EclipseLink,1308466,17.88513863469155
OxygenPreRienaRemoval_9-8-2016,EGit,102556,54.30540536178318
OxygenPreRienaRemoval_9-8-2016,EMF,655022,72.26975888779789
OxygenPreRienaRemoval_9-8-2016,GEF,85909,82.6849948928734
OxygenPreRienaRemoval_9-8-2016,GMF Runtime,129498,86.21860149355058
OxygenPreRienaRemoval_9-8-2016,JDT,1278975,42.561920067189426
OxygenPreRienaRemoval_9-8-2016,m2e,69781,90.08135044391065
OxygenPreRienaRemoval_9-8-2016,Mylyn,245587,77.44424785519716
OxygenPreRienaRemoval_9-8-2016,PDE,349559,92.12084636730907
OxygenPreRienaRemoval_9-8-2016,PTP,129393,5.431123693068954
OxygenPreRienaRemoval_9-8-2016,RAP,386292,38.283751469217364
OxygenPreRienaRemoval_9-8-2016,Scout,193962,3.013129575849851
OxygenPreRienaRemoval_9-8-2016,Subversive,69626,70.88763649172243
OxygenPreRienaRemoval_9-8-2016,WebTools,271340,82.91145873360767
OxygenPreRienaRemoval_9-8-2016,Window Builder,479311,87.6145747609183
Neon.1,BIRT,1208130,98.90398903989039
Neon.1,CDT,1107573,82.31544520090776
Neon.1,CVS,162775,98.88758233867863
Neon.1,DataTools,28318,5.031448775807541
Neon.1,EclipseLink,1308532,17.88974559790704
Neon.1,EGit,102789,54.68147263424633
Neon.1,EMF,655022,72.26975888779789
Neon.1,GEF,85909,82.6849948928734
Neon.1,GMF Runtime,129498,86.21860149355058
Neon.1,JDT,1279259,42.619257201463306
Neon.1,m2e,69822,90.13576101814128
Neon.1,Mylyn,248484,78.3661312084723
Neon.1,PDE,349534,92.11425800551841
Neon.1,PTP,129393,5.431123693068954
Neon.1,RAP,386328,38.320228589956635
Neon.1,Scout,194414,3.4379376133682955
Neon.1,Subversive,67576,58.85288247035341
Neon.1,WebTools,271340,82.91145873360767
Neon.1,Window Builder,479311,87.6145747609183
Neon.1a,BIRT,1208195,98.9256559232259
Neon.1a,CDT,1112558,83.82786616667273
Neon.1a,CVS,162882,98.99892816633194
Neon.1a,DataTools,28318,5.031448775807541
Neon.1a,EclipseLink,1308582,17.893235721555143
Neon.1a,EGit,102599,54.374808334812855
Neon.1a,EMF,655022,72.26975888779789
Neon.1a,GEF,85909,82.6849948928734
Neon.1a,GMF Runtime,129498,86.21860149355058
Neon.1a,JDT,1285323,43.843526153001314
Neon.1a,m2e,69822,90.13576101814128
Neon.1a,Mylyn,248484,78.3661312084723
Neon.1a,PDE,348523,91.84782465470396
Neon.1a,PTP,129393,5.431123693068954
Neon.1a,RAP,386328,38.320228589956635
Neon.1a,Scout,195479,4.438868055751356
Neon.1a,Subversive,67576,58.85288247035341
Neon.1a,WebTools,271340,82.91145873360767
Neon.1a,Window Builder,479311,87.6145747609183
Neon.2,BIRT,1208542,99.0413237465708
Neon.2,CDT,1115053,84.58483513549592
Neon.2,CVS,163117,99.24347274108453
Neon.2,DataTools,28318,5.031448775807541
Neon.2,EclipseLink,1300732,17.34528630880335
Neon.2,EGit,103676,56.1131107058121
Neon.2,EMF,655022,72.26975888779789
Neon.2,GEF,85909,82.6849948928734
Neon.2,GMF Runtime,129498,86.21860149355058
Neon.2,JDT,1299434,46.69241453940515
Neon.2,m2e,69883,90.21671333589903
Neon.2,Mylyn,265067,83.6431735444617
Neon.2,PDE,350974,92.49374764466066
Neon.2,PTP,129393,5.431123693068954
Neon.2,RAP,386346,38.33846715032627
Neon.2,Scout,197790,6.610840123683048
Neon.2,Subversive,67576,58.85288247035341
Neon.2,WebTools,271340,82.91145873360767
Neon.2,Window Builder,473836,79.84619313828428
Neon.3,BIRT,1208782,99.1213245465788
Neon.3,CDT,1117148,85.2204463538064
Neon.3,CVS,163775,99.9281975503918
Neon.3,DataTools,28318,5.031448775807541
Neon.3,EclipseLink,1301262,17.382281619473215
Neon.3,EGit,104405,57.28973320205949
Neon.3,EMF,655551,72.6820030859868
Neon.3,GEF,85909,82.6849948928734
Neon.3,GMF Runtime,129499,86.28649015614393
Neon.3,JDT,1305381,47.89306220675286
Neon.3,m2e,69887,90.22202168460446
Neon.3,Mylyn,275729,87.03603523331891
Neon.3,PDE,350974,92.49374764466066
Neon.3,PTP,129393,5.431123693068954
Neon.3,RAP,386346,38.33846715032627
Neon.3,Scout,203645,12.113607954812455
Neon.3,Subversive,67579,58.87049430550664
Neon.3,WebTools,271343,82.91250672460893
Neon.3,Window Builder,473931,79.98098697465876
Neon.3_respin,BIRT,1208803,99.1283246165795
Neon.3_respin,CDT,1117198,85.23561607262047
Neon.3_respin,CVS,163775,99.9281975503918
Neon.3_respin,DataTools,28318,5.031448775807541
Neon.3_respin,EclipseLink,1303185,17.51651177497916
Neon.3_respin,EGit,104116,56.82328066239488
Neon.3_respin,EMF,655573,72.69914745717804
Neon.3_respin,GEF,85909,82.6849948928734
Neon.3_respin,GMF Runtime,129499,86.28649015614393
Neon.3_respin,JDT,1312353,49.30064847491298
Neon.3_respin,m2e,69887,90.22202168460446
Neon.3_respin,Mylyn,276053,87.13913851480359
Neon.3_respin,PDE,347639,91.61486018178607
Neon.3_respin,PTP,129393,5.431123693068954
Neon.3_respin,RAP,386346,38.33846715032627
Neon.3_respin,Scout,204045,12.489544271200458
Neon.3_respin,Subversive,67579,58.87049430550664
Neon.3_respin,WebTools,271343,82.91250672460893
Neon.3_respin,Window Builder,473931,79.98098697465876
Oxygen,BIRT,1208946,99.17599175991761
Oxygen,CDT,1118115,85.51382871567093
Oxygen,CVS,163844,100.0
Oxygen,DataTools,28318,5.031448775807541
Oxygen,EclipseLink,1304446,17.60453269338426
Oxygen,EGit,106697,60.9890730668044
Oxygen,EMF,655601,72.72096756596686
Oxygen,GEF,85909,82.6849948928734
Oxygen,GMF Runtime,129499,86.28649015614393
Oxygen,JDT,1318216,50.48433727155997
Oxygen,m2e,69896,90.23396546919167
Oxygen,Mylyn,281686,88.93167180061607
Oxygen,PDE,350890,92.47161074904403
Oxygen,PTP,129393,5.431123693068954
Oxygen,RAP,413479,65.83107040084303
Oxygen,Scout,207347,15.592898562983432
Oxygen,Subversive,67579,58.87049430550664
Oxygen,WebTools,272688,83.38235602350295
Oxygen,Window Builder,473931,79.98098697465876
Oxygen.1,BIRT,1209425,99.3356600232669
Oxygen.1,CDT,1121367,86.50046722733947
Oxygen.1,CVS,163844,100.0
Oxygen.1,DataTools,28318,5.031448775807541
Oxygen.1,EclipseLink,1304596,17.615003064328562
Oxygen.1,EGit,108815,64.40757299417338
Oxygen.1,EMF,657702,74.35825501472857
Oxygen.1,GEF,85909,82.6849948928734
Oxygen.1,GMF Runtime,129499,86.28649015614393
Oxygen.1,JDT,1330705,53.005757940385536
Oxygen.1,m2e,69922,90.26846973577695
Oxygen.1,Mylyn,283262,89.43318652783788
Oxygen.1,PDE,351108,92.52906126385861
Oxygen.1,PTP,129392,5.429934222264515
Oxygen.1,RAP,413749,66.10464880638754
Oxygen.1,Scout,204755,13.156831232789164
Oxygen.1,Subversive,67581,58.88223552894212
Oxygen.1,WebTools,272901,83.45676338459174
Oxygen.1,Window Builder,473931,79.98098697465876
Oxygen.1a,BIRT,1209421,99.3343266766001
Oxygen.1a,CDT,1122169,86.7437895171175
Oxygen.1a,CVS,161758,97.82927666836633
Oxygen.1a,DataTools,28318,5.031448775807541
Oxygen.1a,EclipseLink,1305102,17.65032311564734
Oxygen.1a,EGit,108905,64.55283503074713
Oxygen.1a,EMF,664358,79.54520658967286
Oxygen.1a,GEF,85909,82.6849948928734
Oxygen.1a,GMF Runtime,129499,86.28649015614393
Oxygen.1a,JDT,1335300,53.93344854597872
Oxygen.1a,m2e,70110,90.51796212493198
Oxygen.1a,Mylyn,283262,89.43318652783788
Oxygen.1a,PDE,351355,92.59415427835039
Oxygen.1a,PTP,129392,5.429934222264515
Oxygen.1a,RAP,413749,66.10464880638754
Oxygen.1a,Scout,206075,14.397421076869579
Oxygen.1a,Subversive,67581,58.88223552894212
Oxygen.1a,WebTools,272901,83.45676338459174
Oxygen.1a,Window Builder,473931,79.98098697465876
Oxygen.1a_respin,BIRT,1209421,99.3343266766001
Oxygen.1a_respin,CDT,1125181,87.65761337847842
Oxygen.1a_respin,CVS,161758,97.82927666836633
Oxygen.1a_respin,DataTools,28318,5.031448775807541
Oxygen.1a_respin,EclipseLink,1305102,17.65032311564734
Oxygen.1a_respin,EGit,108905,64.55283503074713
Oxygen.1a_respin,EMF,664358,79.54520658967286
Oxygen.1a_respin,GEF,85909,82.6849948928734
Oxygen.1a_respin,GMF Runtime,129499,86.28649015614393
Oxygen.1a_respin,JDT,1335526,53.979075983816394
Oxygen.1a_respin,m2e,70116,90.52592464799012
Oxygen.1a_respin,Mylyn,283995,89.66644179119676
Oxygen.1a_respin,PDE,351467,92.62367013917256
Oxygen.1a_respin,PTP,129392,5.429934222264515
Oxygen.1a_respin,RAP,413749,66.10464880638754
Oxygen.1a_respin,Scout,206459,14.758319940602064
Oxygen.1a_respin,Subversive,67581,58.88223552894212
Oxygen.1a_respin,WebTools,272901,83.45676338459174
Oxygen.1a_respin,Window Builder,473931,79.98098697465876
Oxygen.2,BIRT,1209470,99.3506601732684
Oxygen.2,CDT,1130635,89.31232630671958
Oxygen.2,CVS,161738,97.80846436413208
Oxygen.2,DataTools,28318,5.031448775807541
Oxygen.2,EclipseLink,1304094,17.57996222290163
Oxygen.2,EGit,109050,64.78686831189373
Oxygen.2,EMF,664507,79.66132074001341
Oxygen.2,GEF,85909,82.6849948928734
Oxygen.2,GMF Runtime,129499,86.28649015614393
Oxygen.2,JDT,1344048,55.69959379466846
Oxygen.2,m2e,70124,90.53654134540098
Oxygen.2,Mylyn,284346,89.77813701280517
Oxygen.2,PDE,351737,92.69482444651173
Oxygen.2,PTP,129392,5.429934222264515
Oxygen.2,RAP,413734,66.08945000607952
Oxygen.2,Scout,209550,17.66336782549036
Oxygen.2,Subversive,67581,58.88223552894212
Oxygen.2,WebTools,273275,83.58741292941431
Oxygen.2,Window Builder,473943,79.99801356451658
Oxygen.2_respin,BIRT,1209478,99.353326866602
Oxygen.2_respin,CDT,1130852,89.37816288637273
Oxygen.2_respin,CVS,161710,97.77932713820411
Oxygen.2_respin,DataTools,28318,5.031448775807541
Oxygen.2_respin,EclipseLink,1303840,17.562232394769282
Oxygen.2_respin,EGit,109050,64.78686831189373
Oxygen.2_respin,EMF,664633,79.75951122956313
Oxygen.2_respin,GEF,85909,82.6849948928734
Oxygen.2_respin,GMF Runtime,129499,86.28649015614393
Oxygen.2_respin,JDT,1353131,57.53337263484322
Oxygen.2_respin,m2e,70124,90.53654134540098
Oxygen.2_respin,Mylyn,284434,89.80614037320842
Oxygen.2_respin,PDE,351314,92.58334936501369
Oxygen.2_respin,PTP,129392,5.429934222264515
Oxygen.2_respin,RAP,413734,66.08945000607952
Oxygen.2_respin,Scout,211061,19.083467260646046
Oxygen.2_respin,Subversive,67581,58.88223552894212
Oxygen.2_respin,WebTools,292796,90.40669037455199
Oxygen.2_respin,Window Builder,472842,78.43582394506086
Oxygen.3,BIRT,1209753,99.4449944499445
Oxygen.3,CDT,1135839,90.89119064089029
Oxygen.3,CVS,161686,97.75435237312298
Oxygen.3,DataTools,558324,99.20116555914858
Oxygen.3,EclipseLink,1304662,17.619610027544056
Oxygen.3,EGit,109333,65.24363671578676
Oxygen.3,EMF,671841,85.37663066348716
Oxygen.3,GEF,85909,82.6849948928734
Oxygen.3,GMF Runtime,129499,86.28649015614393
Oxygen.3,JDT,1364966,59.92275638178456
Oxygen.3,m2e,70198,90.63474579645137
Oxygen.3,Mylyn,284725,89.89874239454188
Oxygen.3,PDE,347075,91.46622673978871
Oxygen.3,PTP,129510,5.570291777188329
Oxygen.3,RAP,413734,66.08945000607952
Oxygen.3,Scout,217767,25.386039604890932
Oxygen.3,Subversive,67581,58.88223552894212
Oxygen.3,WebTools,292823,90.41612229356323
Oxygen.3,Window Builder,474530,80.830897585062
PhotonM7,BIRT,1210160,99.5806624732914
PhotonM7,CDT,1137984,91.54197157801482
PhotonM7,CVS,161258,97.30896906250976
PhotonM7,DataTools,558713,99.27028179524538
PhotonM7,EclipseLink,1315922,18.40558587309631
PhotonM7,EGit,110319,66.83506302758366
PhotonM7,EMF,672627,85.98915228877355
PhotonM7,GEF,85909,82.6849948928734
PhotonM7,GMF Runtime,129453,83.16361167684997
PhotonM7,JDT,1366499,60.232255772072776
PhotonM7,m2e,70250,90.70375432962192
PhotonM7,Mylyn,284668,89.8806038542807
PhotonM7,PDE,347934,91.69260285091592
PhotonM7,PTP,129439,5.485839350073152
PhotonM7,RAP,413978,66.33668382442346
PhotonM7,Scout,224785,31.98184227591846
PhotonM7,Subversive,67581,58.88223552894212
PhotonM7,WebTools,292539,90.31691247877818
PhotonM7,Window Builder,474559,80.87204517721842
PhotonRC4,BIRT,1210260,99.6139961399614
PhotonRC4,CDT,1138662,91.74767296513392
PhotonRC4,CVS,161250,97.30064414081605
PhotonRC4,DataTools,558713,99.27028179524538
PhotonRC4,EclipseLink,1316419,18.44027770215843
PhotonRC4,EGit,110480,67.0949206707878
PhotonRC4,EMF,672659,86.01408955596078
PhotonRC4,GEF,85909,82.6849948928734
PhotonRC4,GMF Runtime,129453,83.16361167684997
PhotonRC4,JDT,1367521,60.438588698931596
PhotonRC4,m2e,71540,92.41569678712195
PhotonRC4,Mylyn,284668,89.8806038542807
PhotonRC4,PDE,348058,91.7252811253976
PhotonRC4,PTP,129439,5.485839350073152
PhotonRC4,RAP,413980,66.3387103311312
PhotonRC4,Scout,227784,34.80042480803752
PhotonRC4,Subversive,67581,58.88223552894212
PhotonRC4,WebTools,292540,90.31726180911194
PhotonRC4,Window Builder,474559,80.87204517721842
Photon.0,BIRT,1210260,99.6139961399614
Photon.0,CDT,1139016,91.85507457433769
Photon.0,CVS,161250,97.30064414081605
Photon.0,DataTools,558713,99.27028179524538
Photon.0,EclipseLink,1316419,18.44027770215843
Photon.0,EGit,110596,67.28214729570509
Photon.0,EMF,672659,86.01408955596078
Photon.0,GEF,85909,82.6849948928734
Photon.0,GMF Runtime,129453,83.16361167684997
Photon.0,JDT,1367566,60.44767380823555
Photon.0,m2e,71540,92.41569678712195
Photon.0,Mylyn,287254,90.7035207861307
Photon.0,PDE,348058,91.7252811253976
Photon.0,PTP,129439,5.485839350073152
Photon.0,RAP,413980,66.3387103311312
Photon.0,Scout,228081,35.07955752295561
Photon.0,Subversive,67581,58.88223552894212
Photon.0,WebTools,292540,90.31726180911194
Photon.0,Window Builder,474559,80.87204517721842
2018-09,BIRT,1210390,99.6573299066324
2018-09,CDT,1140563,92.32442567444569
2018-09,CVS,161243,97.29335983433405
2018-09,DataTools,558719,99.27134785544224
2018-09,EclipseLink,1079198,1.8816652636369602
2018-09,EGit,111572,68.857433381216
2018-09,EMF,673811,86.91183117470113
2018-09,GEF,85909,82.6849948928734
2018-09,GMF Runtime,129453,83.16361167684997
2018-09,JDT,1370662,61.07272932834796
2018-09,m2e,71597,92.49134075617428
2018-09,Mylyn,287362,90.7378885466256
2018-09,PDE,346997,91.44567105100182
2018-09,PTP,129439,5.485839350073152
2018-09,RAP,414240,66.60215620313703
2018-09,Scout,230464,37.31919812783715
2018-09,Subversive,67583,58.8939767523776
2018-09,WebTools,292545,90.31900846078068
2018-09,Window Builder,474559,80.87204517721842
2018-12,BIRT,1210842,99.80799807998079
2018-12,CDT,1158382,97.73061006541182
2018-12,CVS,159608,95.59195396318303
2018-12,DataTools,560147,99.52507018229629
2018-12,EclipseLink,1080365,1.9631247495836284
2018-12,EGit,112737,70.73776974353181
2018-12,EMF,672864,86.17384392387899
2018-12,GEF,85909,82.6849948928734
2018-12,GMF Runtime,129453,83.16361167684997
2018-12,JDT,1384078,63.78130324883509
2018-12,m2e,71630,92.53513463299404
2018-12,Mylyn,289060,91.27822611440646
2018-12,PDE,347802,91.65781630066121
2018-12,PTP,129439,5.485839350073152
2018-12,RAP,414341,66.70449479187776
2018-12,Scout,233879,40.528754428999726
2018-12,Subversive,67583,58.8939767523776
2018-12,WebTools,292545,90.31900846078068
2018-12,Window Builder,474563,80.87772070717104
2019-03,BIRT,1210958,99.846665133318
2019-03,CDT,1158943,97.90081431050595
2019-03,CVS,159801,95.79279269904367
2019-03,DataTools,560154,99.52631391919263
2019-03,EclipseLink,1081450,2.0388604327474114
2019-03,EGit,113211,71.5028164694869
2019-03,EMF,673983,87.04586898583251
2019-03,GEF,85909,82.6849948928734
2019-03,GMF Runtime,129453,83.16361167684997
2019-03,JDT,1396150,66.21853523811062
2019-03,m2e,71716,92.64926413016072
2019-03,Mylyn,289376,91.37878363585449
2019-03,PDE,346593,91.3392031244647
2019-03,PTP,129439,5.485839350073152
2019-03,RAP,414399,66.76326348640214
2019-03,Scout,239665,45.9666732455522
2019-03,Subversive,74572,99.92368204766937
2019-03,WebTools,292545,90.31900846078068
2019-03,Window Builder,475237,81.8340475041857
2019-06,BIRT,1210982,99.85466521331881
2019-06,CDT,1163115,99.16657564835378
2019-06,CVS,160795,96.82716421948656
2019-06,DataTools,560151,99.52578088909421
2019-06,EclipseLink,1083215,2.1620617975253626
2019-06,EGit,112735,70.73454169827461
2019-06,EMF,674327,87.31394460809526
2019-06,GEF,85909,82.6849948928734
2019-06,GMF Runtime,129467,84.11405295315683
2019-06,JDT,1403483,67.69900427202029
2019-06,m2e,72043,93.08322163682932
2019-06,Mylyn,289393,91.38419337593238
2019-06,PDE,347569,91.59641276877221
2019-06,PTP,129469,5.521523474206325
2019-06,RAP,414406,66.77035625987922
2019-06,Scout,243792,49.845396189885435
2019-06,Subversive,74572,99.92368204766937
2019-06,WebTools,311709,97.01357497676953
2019-06,Window Builder,475229,81.82269644428048
2019-09,BIRT,1211055,99.8789987899879
2019-09,CDT,1162832,99.08071503986602
2019-09,CVS,159953,95.95096621122407
2019-09,DataTools,560151,99.52578088909421
2019-09,EclipseLink,1082409,2.105801004317981
2019-09,EGit,113901,72.61649208321901
2019-09,EMF,684029,94.8746123034242
2019-09,GEF,85909,82.6849948928734
2019-09,GMF Runtime,129467,84.11405295315683
2019-09,JDT,1408346,68.6808017508015
2019-09,m2e,70619,91.1934494976975
2019-09,Mylyn,289389,91.38292049591405
2019-09,PDE,348489,91.83886448266865
2019-09,PTP,125066,0.2842835222609461
2019-09,RAP,414510,66.87573460868155
2019-09,Scout,246862,52.730707418163355
2019-09,Subversive,74572,99.92368204766937
2019-09,WebTools,311709,97.01357497676953
2019-09,Window Builder,475229,81.82269644428048
2019-12,BIRT,1211082,99.8879988799888
2019-12,CDT,1165862,100.0
2019-12,CVS,160043,96.04462158027826
2019-12,DataTools,560151,99.52578088909421
2019-12,EclipseLink,1091604,2.7476347432036823
2019-12,EGit,118241,79.62135029133108
2019-12,EMF,684047,94.88863951621703
2019-12,GEF,85909,82.6849948928734
2019-12,GMF Runtime,129462,83.77460964019009
2019-12,JDT,1421892,71.41562154261119
2019-12,m2e,70323,90.80063169349594
2019-12,Mylyn,289496,91.41697003640436
2019-12,PDE,348956,91.96193508091825
2019-12,PTP,125066,0.2842835222609461
2019-12,RAP,414790,67.15944554776476
2019-12,Scout,250685,56.32371876204171
2019-12,Subversive,74572,99.92368204766937
2019-12,WebTools,311709,97.01357497676953
2019-12,Window Builder,475232,81.82695309174494
2020-03,BIRT,1211158,99.913332466658
2020-03,CDT,973673,41.69093821676921
2020-03,CVS,160189,96.19655140118837
2020-03,DataTools,560151,99.52578088909421
2020-03,EclipseLink,1092660,2.821346154651567
2020-03,EGit,119083,80.98035734460997
2020-03,EMF,684292,95.07956546811927
2020-03,GEF,85909,82.6849948928734
2020-03,GMF Runtime,129683,98.77800407331976
2020-03,JDT,1432221,73.5009569648467
2020-03,m2e,69594,89.83318514193198
2020-03,Mylyn,289738,91.4939792775133
2020-03,PDE,350370,92.33457282379823
2020-03,PTP,124827,0.0
2020-03,RAP,414823,67.19288290844243
2020-03,Scout,252366,57.90359113166229
2020-03,Subversive,74585,100.0
2020-03,WebTools,311709,97.01357497676953
2020-03,Window Builder,475242,81.84114191662647
2020-06,BIRT,1211314,99.9653329866632
2020-06,CDT,929289,28.225082219875976
2020-06,CVS,159897,95.89269175936815
2020-06,DataTools,560151,99.52578088909421
2020-06,EclipseLink,1052241,0.0
2020-06,EGit,120328,82.98981551721354
2020-06,EMF,684437,95.1925624600614
2020-06,GEF,85909,82.6849948928734
2020-06,GMF Runtime,129682,98.7101154107264
2020-06,JDT,1445868,76.2561677797608
2020-06,m2e,69831,90.14770480272848
2020-06,Mylyn,289749,91.4974796975637
2020-06,PDE,348951,91.96061740856013
2020-06,PTP,124827,0.0
2020-06,RAP,415867,68.25071940988124
2020-06,Scout,253282,58.76448529619083
2020-06,Subversive,74585,100.0
2020-06,WebTools,311709,97.01357497676953
2020-06,Window Builder,475242,81.84114191662647
2020-09,BIRT,1211314,99.9653329866632
2020-09,CDT,929436,28.269681193189406
2020-09,CVS,160027,96.02797173689085
2020-09,DataTools,560165,99.52826836288689
2020-09,EclipseLink,1052389,0.01033076599837779
2020-09,EGit,120491,83.2529012056749
2020-09,EMF,685018,95.64532971742959
2020-09,GEF,85909,82.6849948928734
2020-09,GMF Runtime,129682,98.7101154107264
2020-09,JDT,1469241,80.97497355223736
2020-09,m2e,69874,90.20476955131183
2020-09,Mylyn,289749,91.4974796975637
2020-09,PDE,348737,91.90422103163203
2020-09,PTP,124827,0.0
2020-09,RAP,417039,69.43825234061525
2020-09,Scout,255736,61.070854597231225
2020-09,Subversive,74585,100.0
2020-09,WebTools,311732,97.02160957444579
2020-09,Window Builder,475242,81.84114191662647
2020-12,BIRT,1211314,99.9653329866632
2020-12,CDT,930468,28.58278418951226
2020-12,CVS,160020,96.02068743040886
2020-12,DataTools,560165,99.52826836288689
2020-12,EclipseLink,1055061,0.1968429737528741
2020-12,EGit,120663,83.53051309779363
2020-12,EMF,685088,95.69987998940167
2020-12,GEF,85909,82.6849948928734
2020-12,GMF Runtime,129682,98.7101154107264
2020-12,JDT,1472714,81.67614209918517
2020-12,m2e,71179,91.93661831645721
2020-12,Mylyn,289868,91.53534787810901
2020-12,PDE,350672,92.41416023422944
2020-12,PTP,124827,0.0
2020-12,RAP,417102,69.50208730190897
2020-12,Scout,254274,59.69680736083307
2020-12,Subversive,74497,99.48338616883879
2020-12,WebTools,311732,97.02160957444579
2020-12,Window Builder,475249,81.85107409404353
2021-03,BIRT,1211418,100.0
2021-03,CDT,932150,29.09309353041832
2021-03,CVS,160023,96.02380927604399
2021-03,DataTools,560165,99.52826836288689
2021-03,EclipseLink,1055209,0.20717373975125192
2021-03,EGit,122443,86.40347337669674
2021-03,EMF,685099,95.70845217499728
2021-03,GEF,85909,82.6849948928734
2021-03,GMF Runtime,129693,99.45689069925322
2021-03,JDT,1473910,81.91760411535263
2021-03,m2e,71220,91.99102889068783
2021-03,Mylyn,289868,91.53534787810901
2021-03,PDE,350992,92.49849126514994
2021-03,PTP,124827,0.0
2021-03,RAP,417296,69.69865845255948
2021-03,Scout,255251,60.61503181361078
2021-03,Subversive,74497,99.48338616883879
2021-03,WebTools,311715,97.01567095877203
2021-03,Window Builder,475546,82.27248219302477
2021-06,BIRT,911423,0.0006666733334000006
2021-06,CDT,933900,29.624033688911545
2021-06,CVS,160028,96.02901235210255
2021-06,DataTools,560165,99.52826836288689
2021-06,EclipseLink,1057705,0.3814007122644341
2021-06,EGit,124511,89.74127217263586
2021-06,EMF,685336,95.89314381010271
2021-06,GEF,85909,82.6849948928734
2021-06,GMF Runtime,129701,100.0
2021-06,JDT,1490200,85.20641368338596
2021-06,m2e,71589,92.48072405876341
2021-06,Mylyn,289866,91.53471143809985
2021-06,PDE,351916,92.74199711693288
2021-06,PTP,124827,0.0
2021-06,RAP,417405,69.80910306813115
2021-06,Scout,259921,65.00408830744072
2021-06,Subversive,74505,99.53035106258072
2021-06,WebTools,311745,97.02615086878454
2021-06,Window Builder,475546,82.27248219302477
2021-09,BIRT,911468,0.015666823334900017
2021-09,CDT,934530,29.815172145969104
2021-09,CVS,160029,96.03005296731428
2021-09,DataTools,560173,99.52968977648271
2021-09,EclipseLink,1135978,5.845049678420007
2021-09,EGit,126018,92.17360427393191
2021-09,EMF,685134,95.73572731098331
2021-09,GEF,85909,82.6849948928734
2021-09,GMF Runtime,129642,95.99456890699253
2021-09,JDT,1491075,85.3830685865185
2021-09,m2e,73442,94.93981659655223
2021-09,Mylyn,289869,91.5356660981136
2021-09,PDE,351955,92.75227496132632
2021-09,PTP,124832,0.005947354022195525
2021-09,RAP,417418,69.82227536173144
2021-09,Scout,260023,65.09995206811966
2021-09,Subversive,74505,99.53035106258072
2021-09,WebTools,311745,97.02615086878454
2021-09,Window Builder,475546,82.27248219302477
2021-12,BIRT,911421,0.0
2021-12,CDT,938789,31.107328794553464
2021-12,CVS,160029,96.03005296731428
2021-12,DataTools,560173,99.52968977648271
2021-12,EclipseLink,2353494,90.83067734923713
2021-12,EGit,126436,92.84826573268558
2021-12,EMF,685142,95.74196162778011
2021-12,GEF,85909,82.6849948928734
2021-12,GMF Runtime,129661,97.28445349626612
2021-12,JDT,1492503,85.67136938843082
2021-12,m2e,73553,95.08712327312782
2021-12,Mylyn,289909,91.54839489829689
2021-12,PDE,355424,93.66647604339886
2021-12,PTP,124832,0.005947354022195525
2021-12,RAP,417770,70.1789405422932
2021-12,Scout,263768,68.61965583030235
2021-12,Subversive,74505,99.53035106258072
2021-12,WebTools,311918,97.08658501652333
2021-12,Window Builder,475209,81.79431879451744
2022-03,BIRT,961260,16.613166131661316
2022-03,CDT,954279,35.80690768315918
2022-03,CVS,160038,96.0394185042197
2022-03,DataTools,560173,99.52968977648271
2022-03,EclipseLink,2375203,92.34601923476944
2022-03,EGit,127997,95.36775505592588
2022-03,EMF,685371,95.92041894608874
2022-03,GEF,85909,82.6849948928734
2022-03,GMF Runtime,129665,97.5560081466395
2022-03,JDT,1495206,86.21708162062198
2022-03,m2e,71591,92.48337823311613
2022-03,Mylyn,291344,92.00504060487259
2022-03,PDE,357699,94.26601696634928
2022-03,PTP,124832,0.005947354022195525
2022-03,RAP,417773,70.1819803023548
2022-03,Scout,265610,70.3508425672691
2022-03,Subversive,74505,99.53035106258072
2022-03,WebTools,311926,97.08937965919333
2022-03,Window Builder,475271,81.88228950878288
2022-06,BIRT,961283,16.62083287499542
2022-06,CDT,954860,35.98317981577894
2022-06,CVS,160038,96.0394185042197
2022-06,DataTools,560173,99.52968977648271
2022-06,EclipseLink,2416329,95.21671573780516
2022-06,EGit,129719,98.14710202237036
2022-06,EMF,685435,95.97029348046321
2022-06,GEF,85909,82.6849948928734
2022-06,GMF Runtime,129610,93.82213170400543
2022-06,JDT,1499409,87.0656308296118
2022-06,m2e,71087,91.8145262962324
2022-06,Mylyn,291344,92.00504060487259
2022-06,PDE,359121,94.64076298500225
2022-06,PTP,124832,0.005947354022195525
2022-06,RAP,417810,70.21947067644794
2022-06,Scout,266246,70.94858131032603
2022-06,Subversive,74505,99.53035106258072
2022-06,WebTools,312127,97.15959505627711
2022-06,Window Builder,477469,85.00099321774171
2022-09,BIRT,961249,16.609499428327616
2022-09,CDT,955094,36.054174099828884
2022-09,CVS,160038,96.0394185042197
2022-09,DataTools,560173,99.52968977648271
2022-09,EclipseLink,2416421,95.22313756531766
2022-09,EGit,129214,97.33202059492874
2022-09,EMF,685735,96.20408036034351
2022-09,GEF,82729,78.77158222473818
2022-09,GMF Runtime,129601,93.2111337406653
2022-09,JDT,1501304,87.44821487696743
2022-09,m2e,71827,92.79657080673628
2022-09,Mylyn,291365,92.0117232249688
2022-09,PDE,358915,94.58647488384719
2022-09,PTP,124832,0.005947354022195525
2022-09,RAP,417991,70.40286953349816
2022-09,Scout,269491,73.99836467702372
2022-09,Subversive,74505,99.53035106258072
2022-09,WebTools,312127,97.15959505627711
2022-09,Window Builder,478010,85.76860864383212
2022-12,BIRT,961308,16.629166291662916
2022-12,CDT,937042,30.577298819189085
2022-12,CVS,160038,96.0394185042197
2022-12,DataTools,560173,99.52968977648271
2022-12,EclipseLink,2443322,97.10089389046875
2022-12,EGit,129825,98.31818842100166
2022-12,EMF,685876,96.31396019388725
2022-12,GEF,82918,79.00417184558019
2022-12,GMF Runtime,129601,93.2111337406653
2022-12,JDT,1506921,88.58223840941945
2022-12,m2e,72660,93.90203442464136
2022-12,Mylyn,316468,100.0
2022-12,PDE,358915,94.58647488384719
2022-12,PTP,124832,0.005947354022195525
2022-12,RAP,420346,72.78908118185872
2022-12,Scout,270530,74.97485925884155
2022-12,Subversive,74505,99.53035106258072
2022-12,WebTools,312127,97.15959505627711
2022-12,Window Builder,478019,85.78137858622549
2023-03,BIRT,961667,16.748834155008215
2023-03,CDT,938750,31.09549641387847
2023-03,CVS,160038,96.0394185042197
2023-03,DataTools,560173,99.52968977648271
2023-03,EclipseLink,2441332,96.96198696927435
2023-03,EGit,129887,98.4182578239747
2023-03,EMF,686371,96.69970854568975
2023-03,GEF,83056,79.17399918778227
2023-03,GMF Runtime,129593,92.66802443991853
2023-03,JDT,1512906,89.79055794684605
2023-03,m2e,73707,95.29149469828673
2023-03,Mylyn,305230,96.42384358850335
2023-03,PDE,359062,94.62521445117629
2023-03,PTP,124832,0.005947354022195525
2023-03,RAP,420396,72.83974384955214
2023-03,Scout,277248,81.28870969257808
2023-03,Subversive,74505,99.53035106258072
2023-03,WebTools,312193,97.18265085830463
2023-03,Window Builder,478027,85.79272964613071
2023-06,BIRT,962852,17.143838105047717
2023-06,CDT,939844,31.42740986153081
2023-06,CVS,67747,0.0
2023-06,DataTools,559067,99.33317934686046
2023-06,EclipseLink,2441387,96.96582610528725
2023-06,EGit,129932,98.49088884226157
2023-06,EMF,686295,96.64048253612007
2023-06,GEF,84990,81.5540432444406
2023-06,GMF Runtime,129495,86.01493550577054
2023-06,JDT,1516760,90.56864708590072
2023-06,m2e,74588,96.4606585006569
2023-06,Mylyn,306927,96.96386293627963
2023-06,PDE,358449,94.4636678200692
2023-06,PTP,124832,0.005947354022195525
2023-06,RAP,420430,72.87419446358368
2023-06,Scout,279633,83.53022997904155
2023-06,Subversive,74510,99.55970412116942
2023-06,WebTools,312621,97.33216424114973
2023-06,Window Builder,474344,80.56698544226568
2023-09,BIRT,963126,17.23517235172352
2023-09,CDT,940378,31.58942245846531
2023-09,CVS,67747,0.0
2023-09,DataTools,559067,99.33317934686046
2023-09,EclipseLink,2468836,98.88183418562153
2023-09,EGit,130098,98.75881659860872
2023-09,EMF,686311,96.65295116971369
2023-09,GEF,88847,86.3005943956977
2023-09,GMF Runtime,129515,87.37270875763747
2023-09,JDT,1520382,91.29989743921053
2023-09,m2e,75161,97.22107945270925
2023-09,Mylyn,303233,95.78835823935236
2023-09,PDE,358701,94.5300785069191
2023-09,PTP,124832,0.005947354022195525
2023-09,RAP,420428,72.87216795687593
2023-09,Scout,280921,84.74074491781091
2023-09,Subversive,74510,99.55970412116942
2023-09,WebTools,320192,99.97694419797249
2023-09,Window Builder,480225,88.91143335508953
2023-12,BIRT,963458,17.34584012506792
2023-12,CDT,940421,31.60246841664543
2023-12,CVS,67747,0.0
2023-12,DataTools,562792,99.99502505241462
2023-12,EclipseLink,2475519,99.34832411242665
2023-12,EGit,130203,98.92828897461142
2023-12,EMF,686322,96.6615233553093
2023-12,GEF,89101,86.61317515598273
2023-12,GMF Runtime,129542,89.20570264765783
2023-12,JDT,1522122,91.65118833229697
2023-12,m2e,75185,97.25292954494181
2023-12,Mylyn,294149,92.89764771772613
2023-12,PDE,360414,94.98151305681539
2023-12,PTP,124832,0.005947354022195525
2023-12,RAP,420427,72.87115470352207
2023-12,Scout,282489,86.2144152780519
2023-12,Subversive,74524,99.6418926852178
2023-12,WebTools,320192,99.97694419797249
2023-12,Window Builder,480366,89.11149578591902
2024-03,BIRT,963512,17.363840305069715
2024-03,CDT,940997,31.77722357738377
2024-03,CVS,67747,0.0
2024-03,DataTools,562782,99.99324828541984
2024-03,EclipseLink,2475461,99.34427556899486
2024-03,EGit,130409,99.26077763610246
2024-03,EMF,686406,96.72698368167578
2024-03,GEF,90552,88.39882351493374
2024-03,GMF Runtime,129542,89.20570264765783
2024-03,JDT,1532903,93.82777863020779
2024-03,m2e,75532,97.71342879513756
2024-03,Mylyn,290378,91.69764008044602
2024-03,PDE,365374,96.28864403608314
2024-03,PTP,124832,0.005947354022195525
2024-03,RAP,420479,72.92384387792323
2024-03,Scout,284955,88.53206266858395
2024-03,Subversive,74524,99.6418926852178
2024-03,WebTools,320202,99.98043750130999
2024-03,Window Builder,424514,9.864071057635007
2024-06,BIRT,964046,17.541842085087517
2024-06,CDT,941855,32.03753595223359
2024-06,CVS,67747,0.0
2024-06,DataTools,562782,99.99324828541984
2024-06,EclipseLink,2477236,99.46817495850243
2024-06,EGit,130525,99.44800426101975
2024-06,EMF,689918,99.4638487554745
2024-06,GEF,91720,89.836202759079
2024-06,GMF Runtime,129568,90.97080787508486
2024-06,JDT,1544693,96.20807726784517
2024-06,m2e,75558,97.74793306172282
2024-06,Mylyn,290283,91.6674091800107
2024-06,PDE,369478,97.37018950763854
2024-06,PTP,124832,0.005947354022195525
2024-06,RAP,420479,72.92384387792323
2024-06,Scout,287276,90.71343314442534
2024-06,Subversive,74524,99.6418926852178
2024-06,WebTools,320203,99.98078683164374
2024-06,Window Builder,424328,9.600158914838673
2024-09,BIRT,961212,16.597165971659717
2024-09,CDT,942056,32.09851822186624
2024-09,CVS,67747,0.0
2024-09,DataTools,562782,99.99324828541984
2024-09,EclipseLink,2478251,99.53902446855886
2024-09,EGit,130544,99.47867069096309
2024-09,EMF,689901,99.45060083228128
2024-09,GEF,91914,90.07494554449353
2024-09,GMF Runtime,129568,90.97080787508486
2024-09,JDT,1558094,98.9136228185643
2024-09,m2e,75870,98.1619842607461
2024-09,Mylyn,290377,91.69732186044143
2024-09,PDE,368888,97.21470416937888
2024-09,PTP,124832,0.005947354022195525
2024-09,RAP,444245,97.00482308596442
2024-09,Scout,287321,90.75572598001898
2024-09,Subversive,74524,99.6418926852178
2024-09,WebTools,320240,99.9937120539925
2024-09,Window Builder,420601,4.3119838814949345
2024-12,BIRT,962197,16.92550258835922
2024-12,CDT,942254,32.158590308370044
2024-12,CVS,67747,0.0
2024-12,DataTools,562820,100.0
2024-12,EclipseLink,2478469,99.55424140766459
2024-12,EGit,130562,99.50772309827784
2024-12,EMF,689985,99.51606115864777
2024-12,GEF,96629,95.87737973639842
2024-12,GMF Runtime,129568,90.97080787508486
2024-12,JDT,1563475,100.0
2024-12,m2e,76150,98.53356867012593
2024-12,Mylyn,290377,91.69732186044143
2024-12,PDE,368742,97.1762281365214
2024-12,PTP,124832,0.005947354022195525
2024-12,RAP,444655,97.42025696105054
2024-12,Scout,290627,93.86283963496584
2024-12,Subversive,74551,99.8003992015968
2024-12,WebTools,320240,99.9937120539925
2024-12,Window Builder,420342,3.944493317063481
2025-03,BIRT,962992,17.190505238385718
2025-03,CDT,942697,32.292994017062895
2025-03,CVS,67747,0.0
2025-03,DataTools,562820,100.0
2025-03,EclipseLink,2482206,99.81509324912363
2025-03,EGit,130599,99.56744193553594
2025-03,EMF,689993,99.5222954754446
2025-03,GEF,97218,96.60222252304361
2025-03,GMF Runtime,129579,91.71758316361168
2025-03,JDT,1541759,95.61572814122702
2025-03,m2e,76642,99.18649556089339
2025-03,Mylyn,290446,91.71927904075761
2025-03,PDE,369274,97.31642847542673
2025-03,PTP,124832,0.005947354022195525
2025-03,RAP,444779,97.54590037693025
2025-03,Scout,291423,94.61095290457796
2025-03,Subversive,74551,99.8003992015968
2025-03,WebTools,320244,99.9951093753275
2025-03,Window Builder,418883,1.8743437668492295
2025-06,BIRT,963888,17.489174891748917
2025-06,CDT,936092,30.28907416172134
2025-06,CVS,67747,0.0
2025-06,DataTools,562820,100.0
2025-06,EclipseLink,2482446,99.83184584263452
2025-06,EGit,130647,99.6449150217086
2025-06,EMF,690177,99.66568476177116
2025-06,GEF,97445,96.88157619463689
2025-06,GMF Runtime,129588,92.3285811269518
2025-06,JDT,1535947,94.44233580179117
2025-06,m2e,76768,99.35370854511433
2025-06,Mylyn,290467,91.72596166085386
2025-06,PDE,377564,99.50112924521092
2025-06,PTP,124832,0.005947354022195525
2025-06,RAP,445381,98.15587889595915
2025-06,Scout,295549,98.48873600812023
2025-06,Subversive,74549,99.78865797816132
2025-06,WebTools,320258,100.0
2025-06,Window Builder,418930,1.9410312437923891
2025-09,BIRT,963980,17.51984186508532
2025-09,CDT,933027,29.359170398417493
2025-09,CVS,67747,0.0
2025-09,DataTools,562820,100.0
2025-09,EclipseLink,2484134,99.94967241699439
2025-09,EGit,130865,99.9967719547428
2025-09,EMF,690417,99.85271426567542
2025-09,GEF,97716,97.21507771446855
2025-09,GMF Runtime,129586,92.1928038017651
2025-09,JDT,1540322,95.32561031745391
2025-09,m2e,76856,99.47049221663372
2025-09,Mylyn,285082,90.0123469361778
2025-09,PDE,378763,99.81710707669117
2025-09,PTP,124832,0.005947354022195525
2025-09,RAP,447196,99.99493373323067
2025-09,Scout,292873,95.97372205148447
2025-09,Subversive,74549,99.78865797816132
2025-09,WebTools,320258,100.0
2025-09,Window Builder,418376,1.1549703453559976
2025-12,BIRT,964207,17.595509288426218
2025-12,CDT,925560,27.093724590720985
2025-12,CVS,67747,0.0
2025-12,DataTools,562820,100.0
2025-12,EclipseLink,2484855,100.0
2025-12,EGit,130840,99.95642138902787
2025-12,EMF,690427,99.86050716167142
2025-12,GEF,99374,99.2554670867227
2025-12,GMF Runtime,129593,92.66802443991853
2025-12,JDT,1545473,96.36555249578048
2025-12,m2e,77128,99.83145992860271
2025-12,Mylyn,285606,90.17909421857895
2025-12,PDE,379217,99.93675172680963
2025-12,PTP,124832,0.005947354022195525
2025-12,RAP,447201,100.0
2025-12,Scout,294638,97.63254104754655
2025-12,Subversive,74549,99.78865797816132
2025-12,WebTools,320258,100.0
2025-12,Window Builder,418237,0.9577456795028236
2026-03,BIRT,961263,16.614166141661414
2026-03,CDT,925562,27.09433137947355
2026-03,CVS,67747,0.0
2026-03,DataTools,562820,100.0
2026-03,EclipseLink,2484737,99.99176330819049
2026-03,EGit,130867,100.0
2026-03,EMF,690606,100.0
2026-03,GEF,99979,100.0
2026-03,GMF Runtime,129593,92.66802443991853
2026-03,JDT,1550632,97.40710980464996
2026-03,m2e,77255,100.0
2026-03,Mylyn,286068,90.32611186069602
2026-03,PDE,379457,100.0
2026-03,PTP,124832,0.005947354022195525
2026-03,RAP,447184,99.98277469298424
2026-03,Scout,297157,100.0
2026-03,Subversive,74549,99.78865797816132
2026-03,WebTools,320258,100.0
2026-03,Window Builder,417562,0.0
